filepath,module,filename,has_license,has_intro,has_summary,anti_sec,anti_note,anti_pip,risk_pdr,risk_inv,risk_hardcode,has_plotting,uses_scripts,score
./05-Micro-Models/02_General_Equilibrium.ipynb,05-Micro-Models,02_General_Equilibrium.ipynb,False,True,False,True,True,False,False,False,False,True,False,70
./05-Micro-Models/05_Principal_Agent_Models.ipynb,05-Micro-Models,05_Principal_Agent_Models.ipynb,False,True,False,True,True,False,False,False,False,True,False,70
./05-Micro-Models/06_Information_Economics.ipynb,05-Micro-Models,06_Information_Economics.ipynb,False,False,False,True,True,False,False,False,False,True,False,70
./05-Micro-Models/03_Game_Theory_and_Auctions.ipynb,05-Micro-Models,03_Game_Theory_and_Auctions.ipynb,False,True,False,True,True,False,False,False,False,True,False,70
./05-Micro-Models/01_Consumer_and_Producer_Theory.ipynb,05-Micro-Models,01_Consumer_and_Producer_Theory.ipynb,False,True,False,True,True,False,False,False,False,True,False,70
./05-Micro-Models/04_Discrete_Choice_Models.ipynb,05-Micro-Models,04_Discrete_Choice_Models.ipynb,False,False,False,True,True,False,False,False,False,True,False,70
./03-Economic-Modeling/05_Optimal_Stopping_Problems.ipynb,03-Economic-Modeling,05_Optimal_Stopping_Problems.ipynb,False,True,False,True,True,False,False,False,False,True,False,70
./03-Economic-Modeling/07_Structural_Estimation.ipynb,03-Economic-Modeling,07_Structural_Estimation.ipynb,False,True,False,True,True,False,False,False,False,True,False,70
./03-Economic-Modeling/06_Robust_Control.ipynb,03-Economic-Modeling,06_Robust_Control.ipynb,False,False,False,True,True,False,False,False,False,True,False,70
./03-Economic-Modeling/03_Discrete_Continuous_DP.ipynb,03-Economic-Modeling,03_Discrete_Continuous_DP.ipynb,False,True,False,True,True,False,False,False,False,True,False,70
./03-Economic-Modeling/04_Estimation_and_Calibration.ipynb,03-Economic-Modeling,04_Estimation_and_Calibration.ipynb,False,False,False,True,True,False,False,False,False,True,False,70
./03-Economic-Modeling/02_DP_with_Continuous_States.ipynb,03-Economic-Modeling,02_DP_with_Continuous_States.ipynb,False,True,False,True,True,False,False,True,False,True,False,70
./03-Economic-Modeling/01_Dynamic_Programming.ipynb,03-Economic-Modeling,01_Dynamic_Programming.ipynb,False,True,False,True,True,False,False,False,False,True,False,70
./02-Numerical-Methods/03_Numerical_Differentiation.ipynb,02-Numerical-Methods,03_Numerical_Differentiation.ipynb,False,True,False,True,True,False,False,True,False,True,False,70
./02-Numerical-Methods/05_Optimization.ipynb,02-Numerical-Methods,05_Optimization.ipynb,False,True,False,True,True,False,False,False,False,True,False,70
./02-Numerical-Methods/02_Numerical_Preliminaries.ipynb,02-Numerical-Methods,02_Numerical_Preliminaries.ipynb,False,True,False,True,True,False,False,False,False,True,False,70
./02-Numerical-Methods/04_Root_Finding.ipynb,02-Numerical-Methods,04_Root_Finding.ipynb,False,True,False,True,True,False,False,False,False,True,False,70
./02-Numerical-Methods/07_Numerical_Integration.ipynb,02-Numerical-Methods,07_Numerical_Integration.ipynb,False,True,False,True,True,False,False,False,False,True,False,70
./02-Numerical-Methods/01_Linear_Algebra.ipynb,02-Numerical-Methods,01_Linear_Algebra.ipynb,False,True,False,True,True,False,False,True,False,True,False,70
./02-Numerical-Methods/06_Interpolation_and_Approximation.ipynb,02-Numerical-Methods,06_Interpolation_and_Approximation.ipynb,False,True,False,True,True,False,False,False,False,True,False,70
./02-Numerical-Methods/08_Differential_Equations.ipynb,02-Numerical-Methods,08_Differential_Equations.ipynb,False,True,False,True,True,False,False,False,False,True,False,70
./10-Specialized-Models/02_General_Equilibrium_with_Heterogeneous_Agents.ipynb,10-Specialized-Models,02_General_Equilibrium_with_Heterogeneous_Agents.ipynb,False,False,False,True,True,True,False,False,False,True,False,50
./10-Specialized-Models/01_Agent_Based_Models.ipynb,10-Specialized-Models,01_Agent_Based_Models.ipynb,False,True,False,True,True,True,False,False,False,True,False,50
./10-Specialized-Models/03_Network_Economics.ipynb,10-Specialized-Models,03_Network_Economics.ipynb,False,False,False,True,True,False,False,False,False,True,False,70
./01-Foundations/22_Computational_Complexity.ipynb,01-Foundations,22_Computational_Complexity.ipynb,False,True,False,True,True,False,False,False,False,True,False,70
./01-Foundations/07_Dictionaries.ipynb,01-Foundations,07_Dictionaries.ipynb,False,True,False,True,True,False,False,False,False,True,False,70
./01-Foundations/18_Data_Acquisition_Web_Scraping.ipynb,01-Foundations,18_Data_Acquisition_Web_Scraping.ipynb,True,False,False,False,False,False,False,False,False,False,False,90
./01-Foundations/16_Data_Visualization.ipynb,01-Foundations,16_Data_Visualization.ipynb,False,True,False,True,True,False,False,False,False,True,False,70
./01-Foundations/17_Effective_Debugging.ipynb,01-Foundations,17_Effective_Debugging.ipynb,False,True,False,True,True,False,False,False,False,True,False,70
./01-Foundations/03_Python_Fundamentals_Data_Types.ipynb,01-Foundations,03_Python_Fundamentals_Data_Types.ipynb,True,True,False,False,False,False,False,False,False,False,False,90
./01-Foundations/05_Lists_and_Tuples.ipynb,01-Foundations,05_Lists_and_Tuples.ipynb,False,True,False,True,True,False,False,False,False,True,False,70
./01-Foundations/08_Sets.ipynb,01-Foundations,08_Sets.ipynb,False,True,False,True,True,False,False,False,False,True,False,70
./01-Foundations/20_Introduction_to_SciPy.ipynb,01-Foundations,20_Introduction_to_SciPy.ipynb,True,False,False,False,False,False,False,True,False,False,False,90
./01-Foundations/12_NumPy.ipynb,01-Foundations,12_NumPy.ipynb,False,True,False,True,True,False,False,True,False,True,False,70
./01-Foundations/02_Professional_Development_Environment.ipynb,01-Foundations,02_Professional_Development_Environment.ipynb,False,True,False,True,True,False,False,False,False,True,False,70
./01-Foundations/11_Object_Oriented_Programming.ipynb,01-Foundations,11_Object_Oriented_Programming.ipynb,False,True,False,True,True,False,False,False,False,True,False,70
./01-Foundations/10_Advanced_Functions.ipynb,01-Foundations,10_Advanced_Functions.ipynb,False,True,False,True,True,False,False,False,False,True,False,70
./01-Foundations/06_Advanced_String_Processing.ipynb,01-Foundations,06_Advanced_String_Processing.ipynb,False,True,False,True,True,False,False,False,False,True,False,70
./01-Foundations/24_Production_Code_Standards.ipynb,01-Foundations,24_Production_Code_Standards.ipynb,False,True,False,True,True,False,False,False,False,False,False,70
./01-Foundations/21_Symbolic_Computation_with_SymPy.ipynb,01-Foundations,21_Symbolic_Computation_with_SymPy.ipynb,True,False,False,False,False,False,False,False,False,False,False,90
./01-Foundations/15_Accessing_Economic_Data_via_APIs.ipynb,01-Foundations,15_Accessing_Economic_Data_via_APIs.ipynb,True,True,True,False,False,False,False,False,False,True,False,100
./01-Foundations/04_Python_Data_Model.ipynb,01-Foundations,04_Python_Data_Model.ipynb,False,True,False,True,True,False,False,False,False,True,False,70
./01-Foundations/01_Introduction.ipynb,01-Foundations,01_Introduction.ipynb,True,True,False,False,False,False,False,True,False,True,False,90
./01-Foundations/13_Pandas.ipynb,01-Foundations,13_Pandas.ipynb,False,True,False,True,True,False,False,False,False,True,False,70
./01-Foundations/14_Introduction_to_Data_Acquisition.ipynb,01-Foundations,14_Introduction_to_Data_Acquisition.ipynb,False,True,False,True,True,False,True,False,False,True,False,70
./01-Foundations/09_Control_Flow_and_Error_Handling.ipynb,01-Foundations,09_Control_Flow_and_Error_Handling.ipynb,False,True,False,True,True,False,False,False,False,True,False,70
./01-Foundations/19_Introduction_to_SQL.ipynb,01-Foundations,19_Introduction_to_SQL.ipynb,True,False,False,False,False,False,False,False,False,False,False,90
./01-Foundations/23_Profiling_and_Performance.ipynb,01-Foundations,23_Profiling_and_Performance.ipynb,False,True,False,True,True,False,False,False,False,True,False,70
./06-Econometrics/05_Instrumental_Variables.ipynb,06-Econometrics,05_Instrumental_Variables.ipynb,False,True,False,True,True,False,False,False,False,True,False,70
./06-Econometrics/10_Vector_Autoregression.ipynb,06-Econometrics,10_Vector_Autoregression.ipynb,False,True,False,True,True,False,False,False,False,True,False,70
./06-Econometrics/12_Panel_Data_Methods.ipynb,06-Econometrics,12_Panel_Data_Methods.ipynb,False,True,False,True,True,False,False,True,False,True,False,70
./06-Econometrics/03_Causal_Inference.ipynb,06-Econometrics,03_Causal_Inference.ipynb,False,True,False,True,True,False,False,False,False,True,False,70
./06-Econometrics/06_Regression_Discontinuity.ipynb,06-Econometrics,06_Regression_Discontinuity.ipynb,False,True,False,True,True,False,False,False,False,True,False,70
./06-Econometrics/04_GMM.ipynb,06-Econometrics,04_GMM.ipynb,True,False,False,True,True,False,False,True,False,True,False,80
./06-Econometrics/08_Difference_in_Differences.ipynb,06-Econometrics,08_Difference_in_Differences.ipynb,False,True,False,True,True,False,False,False,False,True,False,70
./06-Econometrics/01_Linear_Model_and_OLS.ipynb,06-Econometrics,01_Linear_Model_and_OLS.ipynb,False,True,False,True,True,False,False,False,False,True,False,70
./06-Econometrics/02_Maximum_Likelihood.ipynb,06-Econometrics,02_Maximum_Likelihood.ipynb,False,False,False,True,True,False,False,True,False,True,False,70
./06-Econometrics/07_Synthetic_Control_Methods.ipynb,06-Econometrics,07_Synthetic_Control_Methods.ipynb,True,False,False,False,False,True,False,False,False,True,False,70
./06-Econometrics/11_Bayesian_Econometrics.ipynb,06-Econometrics,11_Bayesian_Econometrics.ipynb,False,True,False,True,True,False,False,False,False,True,False,70
./06-Econometrics/09_Classical_Time_Series_Analysis.ipynb,06-Econometrics,09_Classical_Time_Series_Analysis.ipynb,False,True,False,True,True,False,True,False,False,True,False,70
./08-Time-Series/02_ARMA_Models.ipynb,08-Time-Series,02_ARMA_Models.ipynb,False,False,False,True,True,False,True,False,False,True,False,70
./08-Time-Series/06_Cointegration_and_Error_Correction_Models.ipynb,08-Time-Series,06_Cointegration_and_Error_Correction_Models.ipynb,False,False,False,True,True,False,True,False,False,True,False,70
./08-Time-Series/05_Volatility_Modeling_ARCH_GARCH.ipynb,08-Time-Series,05_Volatility_Modeling_ARCH_GARCH.ipynb,False,False,False,True,True,True,False,False,False,True,False,50
./08-Time-Series/01_Introduction_to_Time_Series.ipynb,08-Time-Series,01_Introduction_to_Time_Series.ipynb,False,False,False,True,True,False,False,False,False,True,False,70
./08-Time-Series/04_Vector_Autoregression.ipynb,08-Time-Series,04_Vector_Autoregression.ipynb,False,False,False,True,True,False,True,False,False,True,False,70
./08-Time-Series/03_ARIMA_and_Forecasting.ipynb,08-Time-Series,03_ARIMA_and_Forecasting.ipynb,False,False,False,True,True,True,True,False,False,True,False,50
./09-Finance/04_Option_Pricing.ipynb,09-Finance,04_Option_Pricing.ipynb,False,False,False,True,True,False,False,False,False,True,False,70
./09-Finance/06_Credit_Risk.ipynb,09-Finance,06_Credit_Risk.ipynb,False,True,False,True,True,False,False,False,False,True,False,70
./09-Finance/02_Portfolio_Theory.ipynb,09-Finance,02_Portfolio_Theory.ipynb,False,True,False,True,True,True,True,False,False,True,False,50
./09-Finance/05_Continuous_Time_Finance.ipynb,09-Finance,05_Continuous_Time_Finance.ipynb,False,False,False,True,True,False,False,False,False,True,False,70
./09-Finance/03_Asset_Pricing.ipynb,09-Finance,03_Asset_Pricing.ipynb,False,False,False,True,True,False,True,False,False,True,False,70
./09-Finance/07_High_Frequency_Data.ipynb,09-Finance,07_High_Frequency_Data.ipynb,False,True,False,True,True,False,False,False,False,True,False,70
./09-Finance/01_Financial_Frictions_BGG.ipynb,09-Finance,01_Financial_Frictions_BGG.ipynb,False,False,False,True,True,False,False,True,False,True,False,70
./04-Macro-Models/06_Heterogeneous_Agent_Models.ipynb,04-Macro-Models,06_Heterogeneous_Agent_Models.ipynb,False,True,False,True,True,False,False,False,False,True,False,70
./04-Macro-Models/01_Job_Search.ipynb,04-Macro-Models,01_Job_Search.ipynb,False,True,False,True,True,False,False,False,False,True,False,70
./04-Macro-Models/02_Neoclassical_Growth.ipynb,04-Macro-Models,02_Neoclassical_Growth.ipynb,False,True,False,True,True,False,False,False,False,True,False,70
./04-Macro-Models/04_OLG_Models.ipynb,04-Macro-Models,04_OLG_Models.ipynb,False,True,False,True,True,False,False,False,False,True,False,70
./04-Macro-Models/03_RBC_Models.ipynb,04-Macro-Models,03_RBC_Models.ipynb,False,True,False,True,True,False,False,False,True,True,False,50
./04-Macro-Models/08_Endogenous_Growth.ipynb,04-Macro-Models,08_Endogenous_Growth.ipynb,False,False,False,True,True,False,False,False,False,True,False,70
./04-Macro-Models/05_New_Keynesian_Models.ipynb,04-Macro-Models,05_New_Keynesian_Models.ipynb,False,False,False,True,True,False,False,False,False,True,False,70
./07-Machine-Learning/03_Support_Vector_Machines.ipynb,07-Machine-Learning,03_Support_Vector_Machines.ipynb,False,False,False,True,True,False,False,False,False,True,False,70
./07-Machine-Learning/05_Dimensionality_Reduction_and_Clustering.ipynb,07-Machine-Learning,05_Dimensionality_Reduction_and_Clustering.ipynb,False,False,False,True,True,False,False,False,False,True,False,70
./07-Machine-Learning/10_Transformers_executed.ipynb,07-Machine-Learning,10_Transformers_executed.ipynb,False,True,False,True,True,False,False,False,False,True,False,70
./07-Machine-Learning/16_Advanced_Deep_RL.ipynb,07-Machine-Learning,16_Advanced_Deep_RL.ipynb,False,True,False,True,True,False,False,False,False,True,False,70
./07-Machine-Learning/15_Reinforcement_Learning.ipynb,07-Machine-Learning,15_Reinforcement_Learning.ipynb,False,False,False,True,True,False,False,False,False,True,False,70
./07-Machine-Learning/20_Geospatial_Data.ipynb,07-Machine-Learning,20_Geospatial_Data.ipynb,False,True,False,True,True,False,False,False,False,True,False,70
./07-Machine-Learning/06_Deep_Learning_Foundations.ipynb,07-Machine-Learning,06_Deep_Learning_Foundations.ipynb,False,True,False,True,True,False,False,False,False,True,False,70
./07-Machine-Learning/08_Recurrent_Neural_Networks_executed.ipynb,07-Machine-Learning,08_Recurrent_Neural_Networks_executed.ipynb,False,True,False,True,True,False,False,False,False,True,False,70
./07-Machine-Learning/09_LSTMs_and_GRUs.ipynb,07-Machine-Learning,09_LSTMs_and_GRUs.ipynb,False,False,False,True,True,False,True,False,False,True,False,70
./07-Machine-Learning/14_Multi_modal_Fusion.ipynb,07-Machine-Learning,14_Multi_modal_Fusion.ipynb,False,False,False,True,True,False,False,False,False,True,False,70
./07-Machine-Learning/17_Causal_ML.ipynb,07-Machine-Learning,17_Causal_ML.ipynb,False,False,False,True,True,False,False,False,False,True,False,70
./07-Machine-Learning/11_Autoencoders.ipynb,07-Machine-Learning,11_Autoencoders.ipynb,False,False,False,True,True,False,False,False,False,True,False,70
./07-Machine-Learning/21_ML_for_Macro_Forecasting.ipynb,07-Machine-Learning,21_ML_for_Macro_Forecasting.ipynb,False,False,False,True,True,False,True,False,False,True,False,70
./07-Machine-Learning/04_Ensemble_Methods.ipynb,07-Machine-Learning,04_Ensemble_Methods.ipynb,False,False,False,True,True,False,False,False,False,True,False,70
./07-Machine-Learning/12_Self_Supervised_Learning.ipynb,07-Machine-Learning,12_Self_Supervised_Learning.ipynb,False,False,False,True,True,False,False,False,False,True,False,70
./07-Machine-Learning/18_Natural_Language_Processing.ipynb,07-Machine-Learning,18_Natural_Language_Processing.ipynb,False,True,False,True,True,False,False,False,False,True,False,70
./07-Machine-Learning/22_Style_Transfer_and_Advanced_Vision.ipynb,07-Machine-Learning,22_Style_Transfer_and_Advanced_Vision.ipynb,False,True,False,True,True,False,False,False,False,True,False,70
./07-Machine-Learning/09_LSTMs_and_GRUs_executed.ipynb,07-Machine-Learning,09_LSTMs_and_GRUs_executed.ipynb,False,False,False,True,True,False,True,False,False,True,False,70
./07-Machine-Learning/01_Introduction_to_ML_for_Economists.ipynb,07-Machine-Learning,01_Introduction_to_ML_for_Economists.ipynb,False,True,False,True,True,False,False,False,False,True,False,70
./07-Machine-Learning/19_Graph_Neural_Networks.ipynb,07-Machine-Learning,19_Graph_Neural_Networks.ipynb,True,False,False,False,False,False,False,False,False,True,False,90
./07-Machine-Learning/08_Recurrent_Neural_Networks.ipynb,07-Machine-Learning,08_Recurrent_Neural_Networks.ipynb,False,True,False,True,True,False,False,False,False,True,False,70
./07-Machine-Learning/07_Convolutional_Neural_Networks.ipynb,07-Machine-Learning,07_Convolutional_Neural_Networks.ipynb,False,False,False,True,True,False,False,False,False,True,False,70
./07-Machine-Learning/10_Transformers.ipynb,07-Machine-Learning,10_Transformers.ipynb,False,True,False,True,True,False,False,False,False,True,False,70
./07-Machine-Learning/13_Generative_Models.ipynb,07-Machine-Learning,13_Generative_Models.ipynb,False,False,False,True,True,False,False,False,False,True,False,70
./07-Machine-Learning/02_Gradient_Boosting_Machines.ipynb,07-Machine-Learning,02_Gradient_Boosting_Machines.ipynb,False,False,False,True,True,False,False,False,False,True,False,70
./high_performance_python/04_Accelerating_Code_with_Numba.ipynb,high_performance_python,04_Accelerating_Code_with_Numba.ipynb,True,False,True,False,False,False,False,False,False,False,False,100
./high_performance_python/06_GPU_Acceleration_with_CuPy.ipynb,high_performance_python,06_GPU_Acceleration_with_CuPy.ipynb,True,False,True,False,False,False,False,False,False,False,False,100
./high_performance_python/05_Parallel_Computing_with_Dask.ipynb,high_performance_python,05_Parallel_Computing_with_Dask.ipynb,True,False,True,False,False,False,False,False,False,False,False,100
./high_performance_python/02_High_Performance_Computing.ipynb,high_performance_python,02_High_Performance_Computing.ipynb,False,True,False,True,True,False,False,False,False,True,False,70
./Appendix/A1-Real-Analysis.ipynb,Appendix,A1-Real-Analysis.ipynb,False,True,False,False,False,False,False,False,False,True,False,80
./Appendix/A4-Linear-Algebra.ipynb,Appendix,A4-Linear-Algebra.ipynb,False,True,False,False,False,False,False,False,False,True,False,80
./Appendix/A2-Multivariate-Calculus.ipynb,Appendix,A2-Multivariate-Calculus.ipynb,False,True,False,False,False,False,False,False,False,True,False,80
./Appendix/01_Replication_Exercise_Chetty_2014.ipynb,Appendix,01_Replication_Exercise_Chetty_2014.ipynb,False,True,False,True,True,False,False,False,False,True,False,70
./Appendix/A3-Probability-Theory.ipynb,Appendix,A3-Probability-Theory.ipynb,False,True,False,False,False,False,False,False,False,True,False,80
./Appendix/01_Publishing_with_Quarto.ipynb,Appendix,01_Publishing_with_Quarto.ipynb,False,True,False,True,True,False,False,False,False,True,True,70
./Appendix/02_Autograding_with_Otter.ipynb,Appendix,02_Autograding_with_Otter.ipynb,False,True,False,True,True,False,False,False,False,True,False,70
