czname,gini96,rank_slope,abs_mob_p25
CZ-2926,0.2836,0.2547,0.364
CZ-1959,0.5088,0.1281,0.6089
CZ-4573,0.2504,0.3463,0.5276
CZ-8394,0.4025,0.2895,0.5158
CZ-5696,0.3969,0.2635,0.7624
CZ-7090,0.3499,0.4759,0.685
CZ-8171,0.3794,0.3501,0.4539
CZ-7694,0.4842,0.3328,0.3755
CZ-9429,0.5024,0.1948,0.3999
CZ-6539,0.3281,0.2416,0.5734
CZ-6324,0.3467,0.3189,0.4917
CZ-2891,0.3227,0.337,0.467
CZ-4416,0.394,0.1533,0.6606
CZ-1459,0.455,0.2691,0.4452
CZ-1542,0.3185,0.3256,0.7922
CZ-2716,0.3492,0.298,0.5142
CZ-4300,0.5291,0.1962,0.642
CZ-8418,0.2646,0.2975,0.5818
CZ-5488,0.3882,0.2894,0.6025
CZ-2247,0.4635,0.2882,0.3684
CZ-5642,0.2951,0.3798,0.4236
CZ-2015,0.2642,0.4272,0.5942
CZ-3895,0.2915,0.309,0.6462
CZ-6653,0.5256,0.2258,0.4341
CZ-6634,0.2528,0.3792,0.3895
CZ-1062,0.3065,0.3769,0.358
CZ-5267,0.2594,0.3074,0.3698
CZ-9673,0.2832,0.3983,0.3189
CZ-7651,0.436,0.3676,0.48
CZ-6912,0.3225,0.4266,0.6496
CZ-8119,0.4208,0.436,0.4717
CZ-3595,0.4271,0.2226,0.1994
CZ-3094,0.5048,0.2697,0.4151
CZ-4256,0.2514,0.3455,0.5249
CZ-4771,0.506,0.2604,0.689
CZ-9193,0.4357,0.2373,0.2921
CZ-8703,0.2988,0.2115,0.4776
CZ-1806,0.4819,0.2828,0.6523
CZ-7121,0.5066,0.2065,0.4912
CZ-8790,0.3263,0.329,0.5806
CZ-4070,0.5256,0.1988,0.443
CZ-7984,0.3863,0.2161,0.5273
CZ-7947,0.431,0.3094,0.5623
CZ-4772,0.5454,0.2685,0.3238
CZ-3537,0.3585,0.3588,0.6048
CZ-5474,0.4939,0.4467,0.2778
CZ-5172,0.3455,0.3385,0.5443
CZ-1923,0.4898,0.3119,0.4657
CZ-5430,0.4302,0.2047,0.3954
CZ-4098,0.3149,0.2226,0.515
CZ-4850,0.3742,0.4344,0.4181
CZ-2340,0.3453,0.2425,0.3764
CZ-3911,0.2734,0.2545,0.4927
CZ-4281,0.259,0.3392,0.4088
CZ-4842,0.3539,0.3066,0.5401
CZ-8568,0.2557,0.2711,0.4046
CZ-4701,0.2996,0.3057,0.6096
CZ-6935,0.4676,0.3781,0.3118
CZ-7854,0.4624,0.2168,0.3878
CZ-2292,0.4716,0.167,0.377
CZ-8085,0.3451,0.3919,0.6641
CZ-5100,0.517,0.3043,0.4725
CZ-8589,0.4281,0.2419,0.4448
CZ-6560,0.2878,0.2071,0.589
CZ-9759,0.2931,0.2725,0.274
CZ-5048,0.4579,0.2782,0.4525
CZ-3066,0.3019,0.4227,0.7629
CZ-5491,0.4022,0.2164,0.497
CZ-9504,0.5475,0.249,0.4282
CZ-3572,0.2512,0.3987,0.6103
CZ-3807,0.255,0.153,0.6504
CZ-3421,0.5479,0.3383,0.1802
CZ-9530,0.4254,0.1978,0.2695
CZ-3016,0.2881,0.3601,0.5542
CZ-7857,0.5192,0.284,0.3462
CZ-4334,0.5141,0.3525,0.5915
CZ-7215,0.4109,0.3408,0.4396
CZ-4653,0.4365,0.0989,0.2345
CZ-1258,0.332,0.2576,0.3584
CZ-7692,0.2652,0.3515,0.2087
CZ-9709,0.4284,0.2759,0.442
CZ-8163,0.3384,0.3567,0.4853
CZ-5819,0.4491,0.3484,0.4104
CZ-9938,0.5009,0.3184,0.5691
CZ-6569,0.2554,0.3262,0.6865
CZ-4953,0.4287,0.1437,0.4495
CZ-5742,0.3194,0.2877,0.2597
CZ-9408,0.5122,0.2997,0.509
CZ-4758,0.3261,0.2349,0.5797
CZ-4225,0.4332,0.3405,0.5052
CZ-9256,0.4161,0.3679,0.593
CZ-2671,0.3688,0.3195,0.3553
CZ-9203,0.4533,0.05,0.7007
CZ-2159,0.4677,0.1774,0.3384
CZ-6346,0.4201,0.4449,0.5635
CZ-7530,0.4775,0.233,0.247
CZ-3268,0.545,0.0978,0.3095
CZ-7866,0.3758,0.4061,0.6741
CZ-7409,0.4044,0.2998,0.4489
CZ-8363,0.2537,0.4323,0.6442
CZ-8185,0.4888,0.2955,0.4731
CZ-5751,0.4061,0.3349,0.4669
CZ-4176,0.3724,0.3373,0.6573
CZ-3503,0.2782,0.3923,0.5047
CZ-7504,0.5169,0.4471,0.2192
CZ-7527,0.3685,0.3871,0.3988
CZ-7729,0.4548,0.1571,0.5251
CZ-9641,0.2948,0.3673,0.5736
CZ-9435,0.5385,0.3498,0.2358
CZ-3835,0.3035,0.4252,0.4356
CZ-3296,0.3099,0.2929,0.4501
CZ-5692,0.5077,0.3609,0.3929
CZ-3725,0.5238,0.3371,0.2649
CZ-5185,0.3136,0.5317,0.4429
CZ-7592,0.3909,0.2427,0.3984
CZ-5837,0.47,0.2384,0.5452
CZ-4276,0.5135,0.2415,0.5314
CZ-3712,0.3637,0.2717,0.4797
CZ-1824,0.4051,0.2273,0.4328
CZ-9417,0.4725,0.0572,0.4683
CZ-1671,0.4693,0.2444,0.3549
CZ-5243,0.4849,0.3041,0.3087
CZ-2191,0.421,0.2542,0.3604
CZ-7085,0.2814,0.4904,0.4556
CZ-4667,0.5212,0.2647,0.2915
CZ-3943,0.5097,0.3704,0.4554
CZ-8686,0.4894,0.2941,0.532
CZ-7200,0.28,0.4021,0.342
CZ-8558,0.3113,0.3489,0.5223
CZ-3201,0.4731,0.3876,0.4249
CZ-1817,0.2569,0.3474,0.5831
CZ-5387,0.5438,0.2966,0.4201
CZ-5641,0.3631,0.3404,0.323
CZ-6321,0.4658,0.2572,0.3029
CZ-8501,0.5163,0.2975,0.4367
CZ-1312,0.3684,0.4882,0.6187
CZ-5156,0.3457,0.2946,0.2391
CZ-2291,0.4326,0.3238,0.5098
CZ-2700,0.4243,0.3933,0.6145
CZ-4540,0.3727,0.3994,0.4751
CZ-9911,0.4305,0.2918,0.5352
CZ-7229,0.5306,0.0701,0.3428
CZ-9548,0.3903,0.3442,0.4718
CZ-6769,0.309,0.1497,0.3257
CZ-3573,0.3632,0.4286,0.2162
CZ-4236,0.3682,0.3231,0.6085
CZ-1291,0.2893,0.4132,0.4103
CZ-7641,0.2989,0.2582,0.4698
CZ-6131,0.4554,0.1592,0.2924
CZ-9051,0.3518,0.3353,0.333
CZ-7594,0.5365,0.2564,0.4038
CZ-6525,0.3231,0.2838,0.4268
CZ-3492,0.2797,0.3429,0.5779
CZ-1061,0.4761,0.4986,0.5044
CZ-7296,0.5143,0.3325,0.4725
CZ-7581,0.3334,0.4039,0.5386
CZ-9319,0.3106,0.3943,0.7089
CZ-6060,0.3057,0.4466,0.3935
CZ-5536,0.4066,0.2828,0.4726
CZ-5349,0.3905,0.1385,0.6219
CZ-9365,0.3278,0.3066,0.6641
CZ-8375,0.2636,0.4059,0.3687
CZ-5007,0.3944,0.2241,0.4468
CZ-2082,0.5378,0.2446,0.5871
CZ-3501,0.4458,0.2309,0.5238
CZ-3622,0.3987,0.4206,0.506
CZ-6969,0.2832,0.395,0.5049
CZ-3618,0.3257,0.3744,0.4671
CZ-3012,0.3384,0.3682,0.5424
CZ-1759,0.4794,0.2732,0.4183
CZ-2249,0.513,0.2819,0.4294
CZ-3569,0.5205,0.169,0.4408
CZ-7469,0.5454,0.0815,0.3396
CZ-7238,0.5447,0.2686,0.4851
CZ-7292,0.5359,0.2851,0.7746
CZ-3029,0.2715,0.4353,0.3227
CZ-3056,0.2913,0.4583,0.5665
CZ-7551,0.3413,0.4432,0.4154
CZ-3751,0.4159,0.2154,0.5446
CZ-2040,0.2791,0.3081,0.5384
CZ-9725,0.5037,0.3073,0.5299
CZ-2143,0.435,0.492,0.6083
CZ-8678,0.4127,0.4146,0.4998
CZ-7421,0.2996,0.4197,0.66
CZ-4755,0.326,0.2912,0.2318
CZ-7550,0.2981,0.2599,0.7157
CZ-4611,0.5056,0.3314,0.4827
CZ-6970,0.4253,0.2044,0.6007
CZ-1737,0.4705,0.2598,0.306
CZ-6254,0.3388,0.3092,0.408
CZ-6130,0.3614,0.439,0.5157
CZ-1563,0.3715,0.2802,0.4919
CZ-4683,0.478,0.0815,0.4832
CZ-3516,0.4817,0.3158,0.5778
CZ-9060,0.312,0.2705,0.3071
CZ-2360,0.5325,0.2637,0.5432
CZ-6185,0.2862,0.3272,0.5308
CZ-3172,0.5188,0.2425,0.4076
CZ-7598,0.2801,0.3992,0.3558
CZ-3513,0.3294,0.1986,0.572
CZ-1165,0.5039,0.2275,0.1487
CZ-1490,0.3038,0.3836,0.6002
CZ-6732,0.3741,0.2587,0.3138
CZ-1718,0.385,0.1758,0.4947
CZ-6623,0.3236,0.3764,0.4998
CZ-3551,0.4631,0.3709,0.5959
CZ-2583,0.5054,0.2648,0.4163
CZ-5250,0.5124,0.1094,0.3515
CZ-6995,0.3518,0.3709,0.4415
CZ-1740,0.4093,0.1644,0.6309
CZ-8053,0.3245,0.3473,0.5781
CZ-2466,0.3234,0.252,0.4679
CZ-5353,0.2984,0.2377,0.4963
CZ-5338,0.532,0.225,0.2385
CZ-1275,0.5164,0.2504,0.4797
CZ-9068,0.4832,0.2235,0.2359
CZ-2228,0.4053,0.3455,0.57
CZ-8178,0.3972,0.2652,0.4986
CZ-8060,0.4089,0.3757,0.7647
CZ-6702,0.411,0.3192,0.3454
CZ-9012,0.3804,0.2501,0.4779
CZ-8988,0.2895,0.2639,0.7442
CZ-9593,0.2877,0.2019,0.6721
CZ-3282,0.5357,0.2826,0.3415
CZ-1383,0.3946,0.2733,0.5111
CZ-7314,0.536,0.0694,0.4251
CZ-1953,0.2991,0.2874,0.5582
CZ-4005,0.4163,0.223,0.3913
CZ-2742,0.3123,0.4524,0.5081
CZ-2060,0.326,0.186,0.3213
CZ-3408,0.259,0.227,0.5574
CZ-5544,0.2857,0.4231,0.584
CZ-3662,0.5251,0.371,0.4022
CZ-9574,0.3465,0.2565,0.3107
CZ-6900,0.4324,0.2397,0.587
CZ-4638,0.3895,0.3524,0.5302
CZ-7528,0.3701,0.1228,0.4074
CZ-3231,0.4096,0.1482,0.4443
CZ-2170,0.3062,0.3057,0.3413
CZ-5768,0.5466,0.38,0.2974
CZ-7487,0.4955,0.2365,0.3774
CZ-5748,0.4725,0.2863,0.599
CZ-9671,0.3906,0.3935,0.4092
CZ-2601,0.2959,0.4998,0.6026
CZ-2555,0.5262,0.216,0.3644
CZ-7392,0.3524,0.3129,0.5317
CZ-6643,0.265,0.4863,0.5217
CZ-7092,0.3527,0.1924,0.6066
CZ-2403,0.4883,0.3557,0.3807
CZ-6205,0.4368,0.2075,0.2778
CZ-5184,0.4753,0.2856,0.2846
CZ-8249,0.4881,0.2542,0.3812
CZ-4856,0.3136,0.2493,0.3684
CZ-7026,0.5271,0.1832,0.4778
CZ-2537,0.3814,0.3277,0.4339
CZ-7817,0.4417,0.3671,0.7494
CZ-5417,0.2507,0.3344,0.3362
CZ-7483,0.548,0.2612,0.4443
CZ-8297,0.3343,0.3654,0.3743
CZ-1354,0.2686,0.2617,0.478
CZ-9341,0.3875,0.3629,0.5042
CZ-1894,0.2887,0.3989,0.2497
CZ-1487,0.2957,0.5396,0.5542
CZ-8162,0.4397,0.258,0.6937
CZ-9112,0.3679,0.273,0.4411
CZ-3355,0.5266,0.3236,0.46
CZ-8288,0.3457,0.3818,0.6278
CZ-4655,0.4679,0.2368,0.4338
CZ-7441,0.3883,0.2712,0.4172
CZ-8002,0.448,0.3289,0.1888
CZ-7072,0.4299,0.2248,0.5464
CZ-7480,0.3918,0.2696,0.4718
CZ-3556,0.535,0.2667,0.3038
CZ-8672,0.3528,0.3938,0.517
CZ-3866,0.3032,0.2807,0.4526
CZ-5765,0.4534,0.1366,0.3961
CZ-3202,0.5038,0.1155,0.5112
CZ-4265,0.2621,0.2406,0.3793
CZ-4141,0.3849,0.1995,0.614
CZ-5115,0.5177,0.2523,0.2648
CZ-8603,0.4749,0.1824,0.371
CZ-3189,0.5475,0.1995,0.6508
CZ-7458,0.4094,0.2352,0.6133
CZ-5915,0.448,0.2504,0.4736
CZ-8682,0.3407,0.4236,0.394
CZ-4871,0.5343,0.3127,0.3621
CZ-2285,0.3599,0.3133,0.5076
CZ-5348,0.4716,0.2417,0.4565
CZ-6920,0.3709,0.2741,0.4833
CZ-2455,0.4185,0.3207,0.4705
CZ-2052,0.4659,0.327,0.4286
CZ-1930,0.4027,0.2266,0.3078
CZ-8353,0.5221,0.2663,0.3687
CZ-9189,0.3758,0.1447,0.6019
CZ-8600,0.4441,0.3037,0.2993
CZ-6815,0.3527,0.3752,0.4791
CZ-1815,0.3724,0.2859,0.3952
CZ-5676,0.382,0.4507,0.5029
CZ-7671,0.2877,0.2632,0.4825
CZ-9205,0.2775,0.3541,0.7107
CZ-5105,0.4502,0.2821,0.5217
CZ-9094,0.4467,0.278,0.305
CZ-6764,0.4489,0.2762,0.542
CZ-8321,0.2559,0.3518,0.4496
CZ-7182,0.348,0.3834,0.4346
CZ-9442,0.3093,0.4374,0.5577
CZ-2075,0.4834,0.2748,0.3879
CZ-8367,0.5082,0.3328,0.5437
CZ-5138,0.324,0.2667,0.421
CZ-1186,0.4504,0.3462,0.3866
CZ-6761,0.2888,0.2724,0.4499
CZ-4747,0.3325,0.4075,0.4425
CZ-5885,0.2916,0.5094,0.6594
CZ-9919,0.3351,0.3097,0.5847
CZ-5738,0.4524,0.1089,0.6652
CZ-5424,0.5231,0.2192,0.7024
CZ-7306,0.3108,0.4253,0.3958
CZ-4520,0.4126,0.3405,0.4851
CZ-1191,0.4604,0.3018,0.3155
CZ-1194,0.5359,0.3399,0.3316
CZ-3123,0.433,0.3289,0.3925
CZ-4218,0.3265,0.4195,0.386
CZ-3319,0.4376,0.3623,0.34
CZ-8168,0.3461,0.4379,0.4873
CZ-2714,0.5428,0.2859,0.276
CZ-6241,0.3699,0.3814,0.5957
CZ-8506,0.4556,0.2587,0.3485
CZ-7960,0.257,0.2948,0.8792
CZ-6064,0.37,0.4455,0.4404
CZ-3323,0.5125,0.2835,0.4434
CZ-9675,0.4331,0.3545,0.3127
CZ-6484,0.3832,0.3149,0.6938
CZ-5191,0.5308,0.2138,0.5614
CZ-4932,0.5062,0.269,0.473
CZ-1880,0.3467,0.4309,0.3428
CZ-1045,0.4134,0.3404,0.5017
CZ-4445,0.3969,0.164,0.3487
CZ-7534,0.4397,0.2709,0.6408
CZ-2375,0.3502,0.4575,0.6
CZ-7262,0.3233,0.3059,0.5257
CZ-9829,0.5238,0.1188,0.1376
CZ-9806,0.5272,0.4133,0.3106
CZ-9899,0.503,0.3237,0.5213
CZ-3034,0.5435,0.2514,0.5673
CZ-8022,0.4735,0.2482,0.5842
CZ-5646,0.4794,0.3628,0.2576
CZ-5142,0.4788,0.233,0.4851
CZ-9721,0.3942,0.3936,0.6063
CZ-4811,0.3869,0.3473,0.2885
CZ-1646,0.3221,0.343,0.5138
CZ-6710,0.4434,0.2986,0.4966
CZ-9821,0.3368,0.305,0.4725
CZ-5688,0.3273,0.4054,0.2903
CZ-3896,0.4258,0.223,0.4321
CZ-6189,0.373,0.1783,0.4541
CZ-2502,0.3157,0.3745,0.4997
CZ-8073,0.4948,0.3221,0.3746
CZ-5446,0.5082,0.306,0.3834
CZ-3607,0.3003,0.3625,0.5191
CZ-6301,0.2523,0.3187,0.5971
CZ-2179,0.3508,0.3777,0.4661
CZ-8095,0.4893,0.2696,0.3954
CZ-2805,0.5018,0.2305,0.4503
CZ-3115,0.2915,0.3076,0.2971
CZ-9098,0.4823,0.437,0.5047
CZ-2000,0.2847,0.1958,0.5304
CZ-6045,0.367,0.3499,0.5006
CZ-7732,0.5496,0.1208,0.5345
CZ-6562,0.3078,0.319,0.2864
CZ-6077,0.2962,0.2965,0.2887
CZ-1469,0.3768,0.1401,0.5246
CZ-7111,0.4359,0.3204,0.4661
CZ-5246,0.5299,0.2306,0.4479
CZ-1755,0.5442,0.0888,0.366
CZ-6458,0.2709,0.4059,0.6159
CZ-7719,0.2914,0.4474,0.6395
CZ-1635,0.4872,0.393,0.5034
CZ-9083,0.3312,0.3494,0.4796
CZ-2283,0.5155,0.269,0.1806
CZ-2416,0.449,0.3915,0.5537
CZ-7965,0.2836,0.4695,0.6775
CZ-6878,0.4998,0.3608,0.5174
CZ-3706,0.3029,0.2538,0.4172
CZ-7555,0.377,0.323,0.5725
CZ-2139,0.4157,0.3305,0.5787
CZ-6274,0.4002,0.1552,0.669
CZ-4733,0.4558,0.3208,0.3534
CZ-6201,0.4458,0.4681,0.4356
CZ-8896,0.5476,0.3069,0.5097
CZ-6797,0.5498,0.3729,0.426
CZ-4895,0.4049,0.3132,0.3458
CZ-1997,0.2786,0.3306,0.5828
CZ-1364,0.4684,0.31,0.5227
CZ-1216,0.543,0.1918,0.4325
CZ-2448,0.3455,0.2392,0.5312
CZ-7234,0.3884,0.4048,0.4558
CZ-3799,0.3774,0.4166,0.6689
CZ-6584,0.2654,0.2611,0.4304
CZ-4864,0.4517,0.3619,0.3898
CZ-4857,0.356,0.3062,0.5018
CZ-1387,0.4862,0.3013,0.5513
CZ-7660,0.4996,0.3069,0.2605
CZ-3726,0.4964,0.3506,0.2843
CZ-9775,0.375,0.3141,0.248
CZ-4374,0.3465,0.4289,0.5084
CZ-5634,0.4746,0.3024,0.3165
CZ-8116,0.4904,0.3228,0.3979
CZ-4763,0.3974,0.2341,0.5625
CZ-6042,0.5179,0.4373,0.3555
CZ-9066,0.2932,0.3696,0.5546
CZ-1449,0.5137,0.3229,0.3983
CZ-1554,0.2788,0.2077,0.6135
CZ-4578,0.2961,0.2654,0.5827
CZ-4983,0.4102,0.396,0.3947
CZ-8406,0.2703,0.3619,0.5163
CZ-8074,0.2658,0.1871,0.6636
CZ-6260,0.2502,0.428,0.5921
CZ-2514,0.3809,0.2622,0.3224
CZ-5453,0.4824,0.3882,0.5261
CZ-8674,0.2605,0.3348,0.4105
CZ-6675,0.4457,0.3027,0.6323
CZ-9093,0.4969,0.3652,0.5642
CZ-5644,0.3004,0.2581,0.5586
CZ-5227,0.2941,0.2524,0.5454
CZ-3494,0.5082,0.2518,0.4115
CZ-6325,0.4969,0.3371,0.5227
CZ-2734,0.4117,0.19,0.4326
CZ-2626,0.4958,0.1378,0.47
CZ-2991,0.2778,0.4025,0.6379
CZ-3365,0.3683,0.2613,0.4279
CZ-5687,0.4713,0.2472,0.3781
CZ-8652,0.3272,0.1733,0.3692
CZ-7901,0.4757,0.223,0.3225
CZ-7904,0.4013,0.299,0.2621
CZ-2453,0.4751,0.3519,0.538
CZ-9377,0.3894,0.2415,0.7035
CZ-4084,0.3604,0.4445,0.6697
CZ-7088,0.3158,0.2705,0.3223
CZ-4779,0.3125,0.2716,0.6057
CZ-5197,0.4754,0.4004,0.621
CZ-9468,0.2857,0.3512,0.4752
CZ-2018,0.2758,0.2931,0.5463
CZ-5049,0.3029,0.3167,0.2818
CZ-4058,0.3026,0.4375,0.5549
CZ-1710,0.4969,0.3882,0.3137
CZ-3775,0.3696,0.2438,0.5187
CZ-2192,0.5471,0.2525,0.2329
CZ-1070,0.2912,0.3399,0.5929
CZ-9254,0.4461,0.2073,0.5856
CZ-2213,0.3846,0.3002,0.3945
CZ-5706,0.3679,0.3101,0.3591
CZ-2081,0.5125,0.3575,0.176
CZ-3366,0.5427,0.3538,0.3901
CZ-6770,0.5119,0.2401,0.3652
CZ-1898,0.3077,0.3106,0.3346
CZ-6366,0.3162,0.3783,0.5715
CZ-2223,0.4468,0.2391,0.4083
CZ-7444,0.3367,0.3661,0.3795
CZ-1584,0.4704,0.2718,0.3859
CZ-3686,0.4199,0.2165,0.6022
CZ-5598,0.4153,0.2189,0.5479
CZ-6333,0.4986,0.3862,0.425
CZ-4879,0.4632,0.2685,0.5298
CZ-4728,0.258,0.4738,0.4023
CZ-7962,0.2648,0.2995,0.5427
CZ-8598,0.4305,0.3142,0.4869
CZ-7037,0.3959,0.4927,0.4274
CZ-8242,0.3281,0.237,0.5645
CZ-2966,0.3756,0.1555,0.3986
CZ-9286,0.4774,0.3797,0.5107
CZ-7360,0.498,0.2045,0.5071
CZ-1664,0.4184,0.2928,0.1242
CZ-7442,0.3656,0.2634,0.6393
CZ-9055,0.3312,0.3421,0.1452
CZ-6330,0.4066,0.222,0.4053
CZ-1788,0.3444,0.3023,0.6284
CZ-4458,0.4192,0.3302,0.4358
CZ-7196,0.453,0.2034,0.2838
CZ-5559,0.2698,0.283,0.4054
CZ-3957,0.2503,0.3171,0.6681
CZ-9349,0.3137,0.2116,0.2877
CZ-2325,0.5184,0.2307,0.5678
CZ-4536,0.4439,0.2963,0.457
CZ-9723,0.3016,0.2976,0.3802
CZ-6875,0.5171,0.2432,0.3629
CZ-5752,0.391,0.3011,0.3637
CZ-8736,0.3928,0.2497,0.589
CZ-2492,0.5307,0.3161,0.515
CZ-9783,0.2678,0.4545,0.3312
CZ-3001,0.3146,0.2885,0.4695
CZ-6132,0.4257,0.3311,0.3676
CZ-3817,0.3086,0.3082,0.6756
CZ-8712,0.4539,0.3131,0.2974
CZ-6601,0.3142,0.451,0.7105
CZ-5358,0.2797,0.3768,0.5285
CZ-2201,0.3121,0.1845,0.3795
CZ-9369,0.3768,0.3433,0.4105
CZ-9155,0.3028,0.4278,0.4266
CZ-8861,0.2904,0.3152,0.3751
CZ-9178,0.5081,0.3472,0.448
CZ-1386,0.3461,0.261,0.3573
CZ-4467,0.3582,0.1937,0.2379
CZ-4768,0.2666,0.3513,0.4925
CZ-7048,0.3572,0.1723,0.2836
CZ-5047,0.3294,0.302,0.4214
CZ-6631,0.4331,0.393,0.359
CZ-3839,0.3116,0.1737,0.4146
CZ-4964,0.5165,0.1627,0.6732
CZ-5964,0.5289,0.1788,0.4346
CZ-6524,0.2799,0.3309,0.5619
CZ-1435,0.2822,0.3061,0.3183
CZ-8718,0.2846,0.4466,0.452
CZ-2803,0.4359,0.3656,0.4928
CZ-5081,0.2866,0.3736,0.4067
CZ-4422,0.5057,0.2799,0.5466
CZ-6706,0.4763,0.3086,0.3056
CZ-5648,0.4959,0.2023,0.4073
CZ-8592,0.4078,0.3662,0.4084
CZ-5651,0.549,0.1663,0.4391
CZ-5932,0.2633,0.4079,0.4626
CZ-7683,0.3704,0.4038,0.4619
CZ-8315,0.3472,0.3327,0.4758
CZ-6383,0.5346,0.2455,0.3373
CZ-3075,0.4231,0.3251,0.5305
CZ-6284,0.4919,0.05,0.472
CZ-3211,0.3011,0.3538,0.5129
CZ-5731,0.5436,0.2479,0.37
CZ-1155,0.3996,0.2961,0.5778
CZ-7861,0.3981,0.3571,0.4545
CZ-2976,0.5413,0.2516,0.3859
CZ-6593,0.3642,0.2195,0.5096
CZ-7466,0.3693,0.2979,0.6985
CZ-7907,0.4254,0.2978,0.3105
CZ-5654,0.2884,0.3427,0.6212
CZ-2578,0.3463,0.3291,0.2774
CZ-9779,0.308,0.4108,0.5467
CZ-4419,0.281,0.2488,0.721
CZ-8604,0.5098,0.2811,0.4945
CZ-2230,0.4268,0.3952,0.4912
CZ-6278,0.3576,0.174,0.4326
CZ-4789,0.3726,0.3226,0.4972
CZ-8651,0.3795,0.2593,0.4604
CZ-4986,0.4399,0.2584,0.3709
CZ-5203,0.528,0.1892,0.3934
CZ-8841,0.5298,0.2475,0.4513
CZ-1811,0.3674,0.4571,0.4036
CZ-9414,0.3488,0.2142,0.4068
CZ-1804,0.3853,0.2108,0.3249
CZ-2305,0.4204,0.1897,0.5203
CZ-2802,0.3885,0.4416,0.5522
CZ-2061,0.4476,0.2487,0.4898
CZ-6311,0.4163,0.2931,0.591
CZ-7593,0.3462,0.2839,0.5151
CZ-2872,0.3537,0.2383,0.5485
CZ-2406,0.3636,0.2921,0.5338
CZ-4112,0.2784,0.5331,0.5221
CZ-9111,0.2998,0.4414,0.4604
CZ-3917,0.4669,0.2117,0.7196
CZ-4645,0.3667,0.3618,0.4417
CZ-2526,0.3144,0.2592,0.4381
CZ-1924,0.4188,0.1523,0.5262
CZ-9164,0.4767,0.3586,0.48
CZ-4001,0.3272,0.4146,0.344
CZ-4432,0.498,0.3543,0.5755
CZ-5251,0.5283,0.2239,0.4168
CZ-5745,0.4292,0.2779,0.3364
CZ-7759,0.4507,0.3448,0.6034
CZ-9278,0.2658,0.3716,0.6135
CZ-8714,0.5337,0.2284,0.2741
CZ-7243,0.3677,0.1802,0.7088
CZ-7663,0.5272,0.271,0.5076
CZ-5929,0.4237,0.3792,0.4708
CZ-4024,0.2514,0.2488,0.7352
CZ-4806,0.2616,0.3926,0.5593
CZ-7099,0.4541,0.3103,0.4559
CZ-4671,0.4188,0.3544,0.3949
CZ-1120,0.258,0.4124,0.6115
CZ-5952,0.473,0.2225,0.5085
CZ-6459,0.5056,0.139,0.4394
CZ-9902,0.3989,0.2576,0.3877
CZ-7956,0.3897,0.3742,0.5019
CZ-6407,0.2516,0.3011,0.5359
CZ-7451,0.486,0.2187,0.2859
CZ-2371,0.3492,0.1695,0.3267
CZ-8101,0.5136,0.4061,0.5021
CZ-3434,0.3619,0.3775,0.1858
CZ-1783,0.4195,0.3557,0.4984
CZ-2576,0.3311,0.3981,0.4536
CZ-5627,0.2982,0.3767,0.6818
CZ-3704,0.4825,0.2557,0.3881
CZ-5393,0.399,0.2872,0.5616
CZ-7831,0.4109,0.2625,0.4298
CZ-6814,0.5396,0.4689,0.437
CZ-5281,0.5391,0.3028,0.512
CZ-5233,0.5067,0.2309,0.3817
CZ-2883,0.3063,0.3654,0.6409
CZ-8172,0.4283,0.2106,0.3509
CZ-3922,0.5134,0.3863,0.4697
CZ-9555,0.3623,0.2584,0.6085
CZ-6039,0.2803,0.376,0.6115
CZ-7542,0.4933,0.3573,0.6728
CZ-2617,0.3945,0.3324,0.3927
CZ-3267,0.4193,0.3018,0.3084
CZ-4186,0.5446,0.2575,0.3019
CZ-9363,0.4322,0.2858,0.5477
CZ-1321,0.3775,0.2606,0.5512
CZ-3588,0.361,0.2757,0.5107
CZ-4621,0.3753,0.4258,0.3576
CZ-3752,0.2855,0.3257,0.6221
CZ-4910,0.4884,0.2106,0.2979
CZ-4948,0.5013,0.2283,0.5785
CZ-1706,0.3353,0.4074,0.8521
CZ-7473,0.3411,0.3717,0.5507
CZ-4568,0.5123,0.3111,0.5048
CZ-9773,0.2572,0.3222,0.4828
CZ-3401,0.4061,0.344,0.2622
CZ-1733,0.3891,0.2518,0.4143
CZ-3923,0.457,0.2621,0.3269
CZ-9735,0.299,0.4079,0.3508
CZ-6555,0.4505,0.3548,0.6675
CZ-9179,0.363,0.2325,0.5303
CZ-7548,0.4356,0.2209,0.5126
CZ-4729,0.262,0.3501,0.5029
CZ-2057,0.3885,0.4415,0.4661
CZ-1529,0.4067,0.1448,0.5949
CZ-3469,0.3143,0.348,0.5141
CZ-2370,0.2919,0.2224,0.5911
CZ-8916,0.3065,0.2773,0.4977
CZ-8195,0.3532,0.2849,0.4606
CZ-3864,0.279,0.3026,0.364
CZ-4977,0.5342,0.217,0.1883
CZ-2240,0.3715,0.3091,0.4626
CZ-3082,0.4927,0.2294,0.4498
CZ-9925,0.5423,0.1403,0.2679
CZ-1763,0.2742,0.4001,0.5307
CZ-7853,0.4455,0.3466,0.4693
CZ-3641,0.5114,0.334,0.1765
CZ-5178,0.4403,0.1647,0.3553
CZ-8675,0.3787,0.3303,0.5398
CZ-1943,0.3793,0.3603,0.5371
CZ-9049,0.2608,0.2593,0.402
CZ-4767,0.4104,0.2976,0.4967
CZ-9843,0.5481,0.2463,0.5425
CZ-1778,0.5376,0.4061,0.5175
CZ-9362,0.2621,0.4953,0.5285
CZ-2688,0.4617,0.1483,0.3999
CZ-9433,0.3405,0.5174,0.4315
CZ-3802,0.5209,0.1905,0.4874
CZ-9981,0.2635,0.4194,0.5627
CZ-5661,0.5308,0.3384,0.5026
CZ-2062,0.5012,0.19,0.4553
CZ-9386,0.2853,0.3739,0.6284
CZ-7950,0.2679,0.331,0.5488
CZ-8844,0.5004,0.3142,0.534
CZ-1876,0.2967,0.3494,0.6299
CZ-5663,0.4105,0.3926,0.3811
CZ-6681,0.5247,0.2686,0.2126
CZ-7464,0.4202,0.2805,0.6587
CZ-1218,0.3692,0.3969,0.5257
CZ-4633,0.3835,0.3514,0.2832
CZ-9465,0.2689,0.3979,0.4514
CZ-7503,0.5406,0.2046,0.5156
CZ-1313,0.3432,0.2334,0.4723
CZ-2150,0.3068,0.2825,0.4597
CZ-7627,0.3358,0.2696,0.6771
CZ-5519,0.5393,0.3211,0.2978
CZ-7988,0.2783,0.4146,0.4373
CZ-6217,0.5102,0.2545,0.4611
CZ-3547,0.4624,0.3958,0.5027
CZ-8329,0.499,0.3798,0.5
CZ-8463,0.5428,0.2766,0.5314
CZ-4675,0.5026,0.2035,0.4627
CZ-6486,0.533,0.3861,0.4849
CZ-8883,0.2881,0.3287,0.4979
CZ-6720,0.4887,0.2835,0.4523
CZ-1190,0.4137,0.2687,0.4891
CZ-9042,0.413,0.2249,0.5023
CZ-1996,0.5197,0.1466,0.5244
CZ-4702,0.5415,0.3082,0.4892
CZ-5589,0.4615,0.2189,0.4615
CZ-3250,0.3949,0.5463,0.3871
CZ-9336,0.3869,0.217,0.4956
CZ-1084,0.3659,0.2096,0.493
CZ-3306,0.3585,0.3533,0.5226
CZ-3090,0.3675,0.4321,0.7605
CZ-6331,0.2769,0.3421,0.4708
CZ-5188,0.2732,0.3838,0.5859
CZ-8269,0.484,0.1273,0.575
CZ-6671,0.3838,0.2507,0.5006
CZ-9113,0.5292,0.1753,0.7083
CZ-3410,0.4337,0.1383,0.4225
CZ-8538,0.2606,0.3512,0.5795
CZ-2665,0.2973,0.1514,0.4293
CZ-7449,0.3117,0.2207,0.4769
CZ-8398,0.5427,0.2142,0.4519
CZ-2511,0.3156,0.2588,0.619
CZ-2510,0.4047,0.3303,0.5183
CZ-8129,0.5309,0.2852,0.5781
CZ-1851,0.5432,0.3286,0.4105
CZ-6843,0.3209,0.3839,0.4754
CZ-3731,0.2647,0.4318,0.8633
CZ-3216,0.2961,0.331,0.573
CZ-7903,0.269,0.3636,0.4507
CZ-6776,0.3085,0.3684,0.4371
CZ-7946,0.4206,0.3052,0.3602
CZ-1184,0.5237,0.2311,0.5424
CZ-6682,0.4112,0.2701,0.4336
CZ-6691,0.4378,0.2233,0.4814
CZ-9766,0.3106,0.3606,0.5119
CZ-4626,0.4902,0.2654,0.5319
CZ-6520,0.4353,0.2363,0.3655
CZ-1056,0.5092,0.2142,0.3071
CZ-7571,0.5347,0.1628,0.4524
CZ-2168,0.3544,0.392,0.5733
CZ-6348,0.2772,0.3431,0.5735
CZ-1703,0.3178,0.2556,0.4194
CZ-8505,0.3814,0.3703,0.5711
CZ-6005,0.5337,0.2151,0.3366
CZ-1849,0.3635,0.1984,0.4347
CZ-9941,0.4812,0.3573,0.3346
CZ-3428,0.4121,0.2534,0.633
CZ-7415,0.3048,0.2958,0.598
CZ-2264,0.3462,0.3194,0.5772
CZ-8028,0.446,0.3776,0.6124
CZ-7681,0.4519,0.286,0.7977
CZ-2350,0.3804,0.2099,0.2851
CZ-9576,0.3186,0.3679,0.4276
CZ-5325,0.4666,0.2412,0.3801
CZ-9582,0.3007,0.4808,0.4216
CZ-4050,0.531,0.2606,0.2977
CZ-4945,0.3064,0.1493,0.4854
CZ-2535,0.2822,0.3639,0.3855
CZ-5762,0.3993,0.4558,0.5225
CZ-2500,0.4059,0.4243,0.4857
CZ-8272,0.4025,0.4457,0.5387
CZ-2550,0.381,0.2241,0.5509
CZ-6222,0.5484,0.3284,0.492
CZ-7097,0.3959,0.2435,0.4389
CZ-9135,0.3934,0.3199,0.7393
CZ-9143,0.3765,0.2052,0.52
CZ-3089,0.27,0.2874,0.3131
