Date,NoDur,Durbl,Manuf,Enrgy,HiTec,Telcm,Shops,Hlth,Utils,Other
1963-07,-0.48,-0.07,-1.38,2.3,-0.68,-0.25,-1.05,0.57,0.81,-1.59
1963-08,4.89,6.57,6.2,3.94,5.14,4.29,6.43,9.57,4.12,5.4
1963-09,-1.74,-0.25,-0.81,-3.65,0.17,2.36,0.92,-4.07,-2.49,-3.16
1963-10,2.66,10.71,2.56,-0.33,8.22,3.43,0.52,3.39,-0.67,1.4
1963-11,-1.13,-5.2,0.31,-1.14,-0.29,4.14,-1.25,-1.64,-1.06,0.1
1963-12,2.84,0.58,1.94,4.66,3.04,-0.09,0.33,1.54,2.41,2.65
1964-01,0.78,1.22,2.66,4.85,2.93,3.32,2.51,3.7,1.39,1.17
1964-02,1.86,1.65,2.73,1.08,1.96,-0.28,1.63,1.65,0.87,5.34
1964-03,3.08,1.08,3.69,1.4,3.38,-0.9,2.43,-1.94,-0.74,2.33
1964-04,-0.47,1.8,-1.72,4.04,-3.63,0.83,2.87,-1.42,1.05,0.29
1964-05,1.55,1.51,1.75,2.14,2.73,-0.39,3.9,0.52,0.84,2.38
1964-06,1.67,0.77,0.88,0.67,0.51,4.69,3.83,0.58,2.21,1.28
1964-07,1.76,5.63,1.34,3.34,-1.81,-2.01,1.19,4.75,4.93,1.29
1964-08,-0.26,1.42,-1.26,-1.87,-2.76,-1.56,0.33,-4.22,-0.04,-3.14
1964-09,1.7,4.64,4.77,3.06,1.15,-1.03,3.48,2.75,1.88,3.94
1964-10,-0.19,0.07,0.43,3.07,-0.99,-0.89,2.31,2.86,0.95,1.86
1964-11,0.71,-1.14,-0.6,2.55,-0.23,-2.23,3.23,2.17,1.37,-1.65
1964-12,0.23,1.89,-0.7,-0.21,-0.01,3.12,0.16,4.38,0.49,-1.78
1965-01,6.06,3.81,5.39,0.35,7.46,0.25,3.05,7.66,3.96,4.73
1965-02,1.59,-0.52,2.55,-3.39,2.19,0.8,1.39,2.42,0.43,2.58
1965-03,-0.77,1.28,-1.15,-3.03,-0.46,-1.68,-0.82,-0.92,-0.52,-0.38
1965-04,4.2,6.78,4.05,0.86,5.14,2.33,6.8,2.97,0.66,2.32
1965-05,-0.78,-3.3,-0.55,0.86,0.47,2.77,0.19,-1.25,-0.97,-1.51
1965-06,-5.1,-6.81,-6.24,-2.05,-5.73,-4.18,-6.22,-5.31,-3.66,-7.02
1965-07,1.58,2.29,2.07,1.86,3.59,-0.37,-1.4,3.95,1.06,3.34
1965-08,4.06,3.43,3.52,1.54,5.87,1.33,2.29,6.3,0.93,5.09
1965-09,0.48,7.12,3.84,4.37,5.26,1.1,-0.68,2.24,1.39,1.77
1965-10,2.59,6.14,4.36,1.84,5.21,-2.27,0.31,3.23,1.05,4.03
1965-11,1.08,-3.81,1.39,0.7,2.74,-4.31,1.34,3.79,-1.01,4.12
1965-12,1.29,1.48,3.24,0.19,-1.52,-0.85,1.26,3.82,-0.33,3.31
1966-01,1.93,0.6,2.91,1.03,1.34,-1.29,-4.28,2.78,-3.01,5.16
1966-02,-0.48,-1.49,-0.72,-3.47,5.01,0.47,-1.84,-1.56,-4.18,2.06
1966-03,-2.65,-2.97,-1.78,-2.24,-0.9,-4.85,-2.12,-1.6,-0.14,-2.57
1966-04,0.41,0.15,2.86,3.14,7.63,1.27,3.08,-0.01,1.18,3.02
1966-05,-4.92,-8.4,-5.69,-3.78,-6.07,-2.99,-2.93,-5.26,-2.74,-7.78
1966-06,-1.8,-1.97,-0.95,-2.27,-0.13,0.47,-2.38,0.99,-1.79,0.64
1966-07,-1.19,-2.57,-1.6,0.4,-1.71,-1.16,-1.97,-1.72,-0.18,-1.9
1966-08,-7.22,-7.62,-7.87,-6.44,-6.11,-4.57,-6.42,-8.11,-8.61,-11.84
1966-09,-1.45,-0.97,-3.61,3.91,-1.94,-0.56,-2.0,-1.14,4.36,-1.92
1966-10,4.53,0.37,2.52,8.46,0.28,9.18,-1.38,4.87,9.96,3.03
1966-11,2.31,-3.46,2.78,-1.17,10.98,-2.84,0.7,6.91,-1.37,7.92
1966-12,0.22,-2.65,1.37,-0.66,0.46,2.96,-4.16,-0.18,2.09,2.19
1967-01,9.39,11.78,11.19,3.58,10.31,6.24,11.8,6.45,2.84,11.97
1967-02,2.03,-1.09,1.22,-0.1,6.19,2.13,3.22,1.4,-1.73,-0.32
1967-03,4.45,3.84,5.79,3.62,5.51,2.96,2.33,7.86,1.54,4.41
1967-04,4.6,11.06,3.75,1.67,7.83,0.22,9.21,4.45,1.88,2.11
1967-05,-2.72,-7.35,-3.67,-2.46,-4.34,-5.66,-4.57,-5.29,-4.12,-2.02
1967-06,2.75,1.59,2.1,2.28,6.42,2.73,3.78,5.41,-1.31,3.51
1967-07,6.05,11.11,5.03,6.93,3.99,-6.58,6.0,3.79,2.33,7.82
1967-08,-0.82,0.14,-0.4,-1.48,-1.01,-1.24,0.33,0.65,-0.65,-0.25
1967-09,3.1,4.98,3.11,4.24,8.36,1.22,2.45,2.9,-0.1,1.27
1967-10,-2.62,-4.91,-4.52,-0.96,4.89,-3.49,0.66,-5.03,-5.37,-5.04
1967-11,0.49,-0.96,0.63,0.78,1.42,0.08,0.84,1.33,3.19,-0.32
1967-12,3.13,0.88,5.2,3.07,2.13,0.12,3.45,1.7,3.29,5.4
1968-01,-0.43,-5.15,-6.36,-0.9,-8.73,2.67,1.13,-6.57,0.18,-1.9
1968-02,-2.71,-2.34,-4.27,-2.68,-4.58,-2.42,-0.85,-4.25,-1.49,-3.44
1968-03,0.64,0.65,0.84,0.74,4.24,-1.12,2.86,0.11,-3.94,-0.27
1968-04,10.97,11.69,10.65,5.65,12.44,2.21,12.22,11.9,2.42,11.94
1968-05,5.0,-0.34,3.16,1.24,3.83,-0.73,3.43,3.35,0.44,6.23
1968-06,1.0,-1.42,-0.22,1.84,-2.03,4.18,0.51,2.23,8.45,3.03
1968-07,-3.69,-2.92,-3.97,5.28,-5.51,-0.2,-5.16,-4.12,0.18,-3.01
1968-08,2.74,1.25,3.34,1.3,0.54,1.29,2.26,0.68,-0.87,2.62
1968-09,4.87,6.64,4.55,3.51,2.94,2.97,7.84,0.84,0.26,9.44
1968-10,0.87,4.67,0.93,2.59,-4.9,3.17,0.69,-0.04,0.49,1.09
1968-11,4.67,-0.14,5.77,5.68,8.61,5.39,5.14,8.12,8.81,7.71
1968-12,-1.02,-4.46,-3.32,-2.53,-5.34,-6.67,-4.13,-1.02,-2.92,-3.68
1969-01,-1.19,-1.72,-0.45,-1.14,-4.68,1.17,-0.97,-0.23,2.44,0.78
1969-02,-6.62,-3.58,-5.73,-4.95,-3.62,-3.34,-4.15,-5.17,-5.22,-8.41
1969-03,0.71,5.1,2.65,7.36,5.44,-0.42,5.07,3.35,-1.29,0.74
1969-04,1.05,1.22,1.3,-0.36,3.86,7.68,3.94,4.98,1.34,1.83
1969-05,1.21,0.13,-0.86,4.0,-1.6,1.07,0.48,1.68,0.02,-1.2
1969-06,-7.37,-5.99,-6.92,-9.96,-0.16,-4.0,-5.51,-5.04,-5.74,-10.52
1969-07,-6.85,-6.97,-5.45,-9.64,-5.43,-4.5,-8.45,-2.73,-2.98,-9.13
1969-08,4.95,2.73,4.19,6.62,7.03,1.65,8.13,9.31,-1.29,8.98
1969-09,0.33,-0.06,-2.07,-9.63,0.2,-4.0,-0.66,2.09,-4.15,-0.63
1969-10,8.32,3.86,6.68,-1.03,5.79,3.5,6.71,8.98,8.3,8.0
1969-11,-2.36,-4.48,-3.42,-4.56,-1.79,1.16,-4.09,0.32,-5.28,-5.56
1969-12,-1.94,-3.44,-1.43,-3.01,-0.74,-5.51,-3.0,4.3,-0.63,-3.76
1970-01,-4.25,-8.25,-7.3,-11.46,-9.07,-2.57,-6.09,-7.12,-4.24,-8.85
1970-02,4.7,5.6,5.19,5.39,2.95,7.97,5.58,5.6,8.38,9.48
1970-03,-0.78,4.87,-0.29,-0.45,-2.58,2.29,-1.72,-5.09,2.91,-1.8
1970-04,-10.14,-8.86,-8.98,-9.17,-14.35,-8.79,-11.12,-10.11,-8.07,-13.82
1970-05,-7.45,-6.47,-7.51,2.66,-9.56,-3.71,-9.47,-7.77,-5.35,-8.17
1970-06,-1.48,-4.15,-4.82,-2.44,-11.73,-8.49,-3.98,-0.51,-4.71,-6.85
1970-07,6.68,10.6,5.1,12.76,2.34,10.26,10.38,2.16,8.71,8.02
1970-08,1.46,8.28,4.65,6.59,8.03,2.44,5.31,1.82,4.69,5.1
1970-09,5.52,2.69,3.97,3.2,10.18,-0.88,7.95,8.03,-0.52,7.59
1970-10,0.7,-2.0,-3.15,2.95,-3.48,-3.75,-1.69,0.1,-0.83,-5.89
1970-11,4.73,6.98,3.92,4.95,4.06,6.16,6.88,3.08,9.41,3.85
1970-12,7.5,6.17,8.01,2.25,4.4,6.85,5.41,5.36,7.18,8.37
1971-01,4.82,3.87,5.91,0.33,5.39,9.77,8.29,4.88,2.93,7.81
1971-02,3.77,2.24,1.24,4.81,2.8,-5.29,3.64,1.39,-2.6,2.35
1971-03,4.45,3.44,4.08,2.76,8.05,0.71,6.81,3.67,2.41,6.01
1971-04,2.13,8.49,4.28,4.31,2.31,0.81,4.97,4.25,-3.55,4.36
1971-05,-3.01,-4.28,-2.26,-4.77,-6.18,-5.16,-1.79,-2.11,-3.71,-4.6
1971-06,-0.15,-0.66,0.37,1.03,-2.18,1.04,0.3,2.02,4.32,-1.06
1971-07,-2.14,-5.55,-4.88,-2.14,-8.58,-3.61,-3.45,-2.25,-2.14,-3.85
1971-08,3.1,10.6,6.39,-1.22,5.67,-0.34,6.2,3.28,-2.33,7.03
1971-09,-0.07,-0.07,-0.32,-1.64,-1.55,0.23,0.73,0.66,-1.51,-0.43
1971-10,-4.33,-5.21,-6.04,-4.29,-4.35,-1.74,-3.45,-2.5,2.05,-4.2
1971-11,-0.34,0.33,-0.98,0.06,1.77,0.39,0.24,0.59,-1.2,-0.18
1971-12,10.54,6.14,9.87,8.84,11.27,7.37,10.17,7.91,8.11,8.14
1972-01,2.5,3.23,3.22,0.16,8.35,0.94,0.43,2.6,-0.3,3.33
1972-02,4.65,0.84,4.99,2.61,1.89,0.16,5.66,7.13,-2.5,2.25
1972-03,0.08,4.23,2.49,-5.46,1.1,-0.32,1.98,0.46,-0.16,2.31
1972-04,1.9,-0.53,1.97,-0.69,0.76,-1.05,-0.56,1.08,-2.82,1.82
1972-05,0.41,-1.02,1.9,3.69,3.74,1.17,1.79,3.52,-0.18,-0.61
1972-06,-1.15,-2.89,-2.25,-0.92,-2.53,-2.75,-4.22,2.51,-1.55,-4.51
1972-07,-1.58,-2.13,0.48,-1.05,0.96,0.75,-2.46,3.13,0.04,-2.95
1972-08,-0.11,3.78,2.29,12.45,2.85,5.15,-0.43,1.04,5.97,3.62
1972-09,-2.62,-0.89,-1.22,-0.24,-1.15,4.31,-0.5,-0.44,0.2,-1.72
1972-10,-0.01,-2.44,1.14,3.1,-3.34,2.3,0.89,1.51,6.77,1.13
1972-11,6.88,7.94,4.2,6.2,2.53,7.06,6.01,-0.56,6.4,5.14
1972-12,0.53,1.64,0.92,1.05,1.98,1.45,1.73,3.74,-1.54,-0.73
1973-01,-4.76,-6.7,-3.7,5.03,1.96,-2.12,-4.09,-1.19,-4.27,-7.45
1973-02,-4.37,-5.86,-2.27,-7.38,-3.0,-4.64,-6.45,-0.71,-1.98,-6.06
1973-03,-1.0,-2.82,-0.2,3.05,-1.2,0.53,-5.64,0.78,-2.15,-0.26
1973-04,-6.25,-5.19,-4.4,-0.98,-6.66,0.88,-8.52,-5.49,-0.6,-7.75
1973-05,-2.13,-4.23,-1.15,-3.56,-2.61,-0.84,-2.23,1.06,0.35,-4.99
1973-06,-3.44,-2.54,-0.35,1.59,-0.06,-0.32,-5.76,0.01,-2.5,-0.23
1973-07,7.43,7.26,6.65,0.3,4.95,-0.32,11.14,6.87,-2.4,9.53
1973-08,-3.31,-3.94,-1.46,-3.82,-3.7,-3.89,-4.15,-6.9,-2.1,-2.3
1973-09,5.9,7.82,4.56,9.21,-2.83,7.64,7.17,0.78,7.91,7.24
1973-10,-2.25,-4.35,0.45,5.17,3.9,-5.56,-3.65,1.83,-3.41,-1.01
1973-11,-14.32,-16.31,-14.27,-6.22,-11.45,-4.33,-18.9,-7.76,-11.64,-13.5
1973-12,-1.57,-3.76,1.29,8.63,-4.32,4.17,-0.21,-4.48,3.43,2.45
1974-01,2.36,6.1,0.41,-7.46,1.25,2.09,6.69,-2.56,4.55,1.18
1974-02,0.15,-1.07,0.03,-1.55,-0.6,4.71,0.81,-1.22,0.29,1.01
1974-03,-1.9,-0.1,-0.78,-3.24,-2.73,-4.58,-3.12,1.21,-3.66,-3.63
1974-04,-3.67,-4.07,-2.04,-6.31,-3.64,-5.32,-1.96,-1.48,-12.23,-6.33
1974-05,-2.91,0.44,-2.54,-7.54,-4.22,-1.55,1.19,-0.12,-4.93,-8.49
1974-06,-0.57,-2.64,-0.42,-0.31,-2.93,0.27,-2.73,-1.62,-6.22,-5.56
1974-07,-10.16,-11.91,-7.17,-0.52,-8.23,-7.63,-12.83,-14.14,0.74,-6.63
1974-08,-10.2,-6.71,-10.16,-8.65,-4.93,-0.03,-13.08,-8.06,-8.69,-10.64
1974-09,-12.06,-12.98,-12.87,-7.97,-16.83,-3.81,-12.27,-15.56,-1.32,-9.63
1974-10,15.7,4.5,16.06,20.78,14.71,10.85,10.0,29.59,13.02,20.18
1974-11,-3.86,-4.79,-5.9,-4.29,-4.94,-3.07,-5.75,-1.23,-0.15,-2.81
1974-12,-0.51,-4.09,-4.44,0.84,-5.24,1.57,-3.36,-3.32,-0.83,-4.31
1975-01,18.73,21.52,14.51,6.76,15.29,11.09,25.97,-0.75,18.83,17.93
1975-02,4.04,4.99,8.02,2.27,13.17,5.15,5.17,16.07,0.88,2.87
1975-03,7.16,6.62,5.05,-2.32,0.99,-0.88,10.76,1.29,-1.33,4.14
1975-04,3.02,4.08,9.56,7.25,5.57,-0.96,2.59,0.65,-1.63,3.26
1975-05,5.22,2.6,2.8,12.07,5.92,3.55,4.01,6.53,8.54,5.72
1975-06,5.28,10.24,3.54,6.5,2.31,4.05,7.45,0.96,10.74,5.95
1975-07,-5.38,-2.02,-5.91,-4.25,-9.42,-4.21,-7.47,-12.03,-4.8,-6.13
1975-08,-3.13,-3.48,-0.78,-0.88,-2.96,-3.54,-0.33,-3.32,-1.23,-5.14
1975-09,-2.44,-2.45,-5.82,-1.17,-0.85,-1.27,-3.54,-6.52,-0.98,-6.32
1975-10,10.58,8.91,5.71,-1.34,8.4,6.82,9.92,10.67,6.55,3.91
1975-11,4.09,3.27,2.97,-1.64,5.06,4.28,4.66,5.13,3.16,3.58
1975-12,-1.49,-0.45,-1.36,0.09,-1.26,-0.12,-3.04,-6.36,1.35,-0.26
1976-01,10.94,15.64,16.85,8.48,18.29,9.49,8.99,7.74,8.31,12.93
1976-02,-1.09,3.87,1.73,-3.16,1.15,3.54,4.68,-6.56,-3.55,3.18
1976-03,0.72,3.54,1.13,7.22,2.93,0.57,3.44,6.54,1.45,2.0
1976-04,-1.66,1.85,-1.42,2.14,-3.41,1.72,-4.67,-4.31,0.63,-1.56
1976-05,-2.17,-3.13,-1.22,5.53,0.49,-2.9,-5.77,-2.82,-1.47,-1.71
1976-06,3.64,4.24,3.7,5.09,8.21,3.59,1.47,3.67,4.26,5.36
1976-07,1.48,-1.07,-1.85,-0.62,-2.2,1.25,-2.24,-0.38,2.82,-0.05
1976-08,-0.34,-1.46,-1.7,-0.89,-0.85,4.74,2.86,2.17,2.97,-1.16
1976-09,1.59,4.49,1.1,5.92,2.91,1.6,0.45,3.63,4.08,0.92
1976-10,-1.62,-1.16,-3.28,-2.42,-4.5,1.29,-0.91,-3.74,-0.81,-0.43
1976-11,1.74,-0.71,-0.37,0.83,1.62,3.15,4.85,-9.76,3.15,1.99
1976-12,5.21,9.67,5.81,6.33,3.87,3.45,2.33,6.29,6.5,8.38
1977-01,-4.08,-4.19,-5.96,0.29,-3.86,0.12,-7.13,-8.83,0.84,-4.16
1977-02,-1.39,-3.48,-0.63,-3.01,-0.61,0.98,-1.84,-0.21,-3.42,-1.73
1977-03,-1.4,-3.35,-0.27,-2.07,-0.03,-1.04,-2.75,-1.79,0.18,-0.09
1977-04,0.52,3.16,0.49,2.52,-3.45,0.66,-3.44,-5.22,1.94,2.13
1977-05,-0.94,-0.53,-2.98,-0.43,-1.52,1.43,-2.78,-1.89,1.67,-0.89
1977-06,4.53,4.29,3.4,6.09,7.77,1.94,6.09,9.03,5.71,5.34
1977-07,1.18,-2.43,-3.62,-1.8,-0.16,-0.85,-0.22,-2.23,0.87,-0.39
1977-08,0.11,-0.85,-1.27,-5.84,0.5,-2.28,4.63,3.84,-3.25,-1.18
1977-09,0.27,1.55,-0.93,0.74,-1.78,3.48,-0.7,-0.89,2.01,-0.1
1977-10,-3.35,-4.46,-4.63,-3.55,-3.22,-5.05,-3.18,-1.75,-3.15,-4.41
1977-11,4.59,1.87,4.33,3.47,5.28,2.16,5.55,6.09,4.29,6.49
1977-12,0.01,-0.75,0.74,1.89,2.38,2.15,-1.23,0.62,-0.33,0.62
1978-01,-5.3,-6.82,-6.03,-6.93,-4.74,-4.16,-6.84,-1.89,-4.54,-5.29
1978-02,0.11,0.38,-2.63,-1.09,-3.47,4.16,-0.44,-3.02,-0.42,-0.16
1978-03,4.17,6.1,3.9,2.05,-0.61,2.62,2.85,4.17,2.48,5.46
1978-04,6.92,9.63,11.38,6.7,13.29,2.93,10.83,9.24,0.18,9.36
1978-05,4.23,0.18,4.1,0.86,1.67,-0.39,1.26,5.17,0.71,2.6
1978-06,-0.26,-2.77,-1.47,-3.74,-0.36,-1.54,-1.97,1.14,0.83,-0.35
1978-07,3.5,4.73,7.84,3.34,8.58,1.43,5.13,8.87,2.82,6.64
1978-08,4.11,2.97,3.94,5.13,6.02,3.53,5.7,0.97,0.45,6.53
1978-09,-0.4,-0.51,-2.12,4.76,-4.18,1.22,-2.64,-2.71,-0.25,-1.45
1978-10,-11.58,-11.18,-11.36,-10.61,-10.76,-4.5,-14.18,-12.84,-7.1,-14.11
1978-11,2.19,0.68,2.87,6.18,5.08,3.02,2.63,5.18,3.0,2.51
1978-12,1.68,-0.62,1.41,2.82,6.4,0.1,-0.66,3.42,-1.25,1.29
1979-01,4.18,5.06,6.51,3.09,4.3,3.66,5.73,1.42,6.37,6.03
1979-02,-3.49,-3.6,-4.49,0.61,-3.32,-0.65,-4.42,-4.52,-1.64,-3.21
1979-03,4.15,6.6,7.34,9.28,7.61,0.16,6.12,5.04,2.32,8.16
1979-04,0.2,2.93,-0.46,4.33,0.33,-2.15,0.88,0.43,-2.75,1.49
1979-05,-1.78,-0.69,-2.29,-2.46,-1.98,0.09,-2.44,-2.64,1.44,-0.28
1979-06,3.32,3.0,3.49,9.27,0.5,1.93,2.8,4.83,4.97,7.0
1979-07,2.03,2.06,2.02,1.58,-1.49,-0.11,1.26,0.15,2.07,3.31
1979-08,7.56,4.72,7.71,7.93,5.91,1.52,8.88,8.58,2.05,5.78
1979-09,-1.87,0.39,-0.69,5.92,-1.75,-2.38,-0.75,-0.55,-2.19,-0.66
1979-10,-7.66,-9.28,-8.85,-2.55,-7.74,-5.07,-8.89,-4.34,-5.83,-10.15
1979-11,5.16,-2.2,4.72,8.92,8.18,4.06,3.83,8.79,7.78,7.03
1979-12,3.37,3.26,4.46,2.49,1.79,-1.52,3.07,2.08,-1.01,4.12
1980-01,3.11,9.11,7.06,14.05,7.35,-2.07,1.31,-1.29,1.55,5.54
1980-02,-4.86,-6.35,-2.5,13.0,-3.59,-1.4,-4.86,-4.64,-3.42,-3.37
1980-03,-8.17,-8.8,-11.77,-17.91,-12.67,-2.66,-9.63,-2.85,-6.6,-12.33
1980-04,6.4,-1.75,3.21,6.86,0.72,7.33,4.5,4.29,12.04,6.13
1980-05,7.95,4.37,6.25,4.13,4.81,5.0,10.68,6.97,4.6,8.09
1980-06,2.99,2.79,2.34,5.84,3.03,-0.57,2.42,0.22,4.55,5.09
1980-07,7.74,11.75,10.83,2.01,15.48,1.0,10.82,8.88,-0.12,6.84
1980-08,1.47,1.53,1.58,3.66,3.66,6.3,1.8,0.27,-1.17,2.7
1980-09,0.2,0.93,2.83,6.53,1.99,-1.62,1.28,3.62,0.12,3.82
1980-10,0.29,-1.72,0.42,7.76,1.96,-3.21,-1.15,-1.24,1.92,1.56
1980-11,0.93,4.89,8.41,24.3,9.83,-0.46,2.58,8.88,7.39,7.67
1980-12,1.0,-1.08,-2.07,-10.59,-1.14,1.22,-1.39,4.61,-1.92,0.04
1981-01,2.03,-2.24,-1.96,-10.16,-8.07,5.55,0.44,-1.62,-2.56,-3.36
1981-02,2.48,6.45,4.38,-0.31,0.47,2.13,2.68,1.8,-1.27,1.67
1981-03,6.94,6.98,6.05,-2.05,4.98,1.17,12.84,5.87,3.0,9.03
1981-04,1.15,1.87,-1.02,-7.8,0.17,6.2,2.89,3.03,-2.69,0.33
1981-05,2.65,2.88,-0.41,-3.95,4.26,7.21,2.86,3.46,1.84,2.8
1981-06,-0.18,-4.3,-1.25,4.71,-6.74,-1.91,-1.43,-5.6,3.46,-1.36
1981-07,-0.76,-2.91,-2.86,7.94,-3.79,0.34,-3.4,-3.9,2.8,-2.73
1981-08,-4.93,-7.93,-6.92,-6.34,-7.31,-0.77,-5.61,-7.75,-0.85,-5.52
1981-09,-2.17,-2.96,-7.17,-12.3,-3.91,2.84,-3.63,-1.29,-5.54,-5.29
1981-10,7.41,-4.15,3.7,9.6,5.21,6.02,6.76,7.96,4.89,7.15
1981-11,2.66,4.86,4.67,6.85,1.5,2.7,1.07,3.94,5.95,5.05
1981-12,-1.81,0.47,-1.66,-6.41,-0.02,-1.45,-1.92,-0.74,-2.35,-3.79
1982-01,-0.92,1.16,-3.3,-8.47,2.7,0.67,0.13,1.44,-0.67,-3.18
1982-02,-1.94,-2.05,-5.62,-11.2,-5.32,-5.69,-1.41,-1.74,-0.34,-3.92
1982-03,2.47,3.51,-1.77,-3.41,-3.56,2.05,4.28,-2.56,1.66,-1.26
1982-04,6.68,4.44,3.25,4.31,7.44,-1.36,5.31,7.39,3.85,3.64
1982-05,-3.29,-1.95,-4.75,2.34,-5.45,0.2,-2.73,-3.05,-0.54,-5.59
1982-06,1.66,2.67,-2.57,-6.26,-2.38,-2.45,2.65,-0.75,-2.21,-2.42
1982-07,-0.45,-0.33,-2.33,-8.11,1.51,1.2,0.22,0.78,-2.59,-3.03
1982-08,9.16,13.86,13.96,10.05,12.86,10.85,12.6,12.44,12.08,11.36
1982-09,5.14,-0.75,-1.04,1.85,1.17,1.0,4.77,1.36,1.07,4.2
1982-10,10.46,16.52,13.06,5.5,16.99,8.12,16.87,8.22,4.73,15.68
1982-11,5.23,8.25,5.79,-4.58,10.69,6.0,11.19,5.17,0.12,7.57
1982-12,0.97,3.03,0.73,5.53,2.65,-1.23,-2.07,0.58,4.34,-1.36
1983-01,-1.01,5.17,5.03,3.64,8.38,12.44,1.26,1.42,3.67,2.85
1983-02,3.76,3.64,4.06,-0.59,3.61,-0.37,7.91,2.83,1.59,4.56
1983-03,7.52,-1.15,2.1,5.93,0.66,0.64,8.51,4.54,0.25,4.95
1983-04,6.2,10.88,6.34,9.36,7.49,5.14,8.58,5.05,4.78,8.34
1983-05,-0.95,-2.08,2.01,1.33,2.8,-1.31,0.47,-2.75,2.54,2.37
1983-06,3.19,10.32,1.58,6.43,6.13,0.18,6.11,6.92,-0.55,1.68
1983-07,-2.66,-3.9,-2.58,-2.27,-5.36,-5.17,-3.28,-5.68,1.02,-3.64
1983-08,0.72,-2.37,0.6,6.87,-1.11,2.2,-4.73,-1.01,1.52,-0.91
1983-09,4.66,4.39,2.28,-4.6,2.16,2.26,2.19,1.3,4.66,1.6
1983-10,-0.21,0.04,-2.29,-2.05,-6.95,-5.19,-1.77,-2.18,3.05,-4.07
1983-11,2.3,4.23,6.48,-0.45,2.33,3.17,4.44,-3.03,-1.64,4.72
1983-12,-0.47,0.92,-1.11,2.1,0.36,-1.53,-4.72,-3.63,-3.64,-0.87
1984-01,-0.71,-5.38,-3.49,9.85,-6.2,4.1,-5.85,-0.57,1.44,-1.63
1984-02,-5.65,-6.09,-6.59,3.96,-5.93,-3.68,-4.45,-2.03,-3.34,-4.93
1984-03,1.63,0.37,3.29,0.27,1.79,-4.3,1.21,-0.67,-0.31,2.45
1984-04,0.57,1.32,-0.13,3.98,-0.43,2.2,0.34,2.32,-0.5,-2.03
1984-05,-2.41,-5.79,-5.81,-5.12,-5.6,-3.57,-5.18,-6.46,-0.83,-6.88
1984-06,6.32,2.11,3.19,-2.0,1.79,12.21,7.4,3.86,0.44,2.22
1984-07,-1.57,2.53,-1.47,-7.47,-2.45,2.81,0.12,-3.77,-0.01,-1.87
1984-08,8.69,10.0,11.9,14.01,13.96,6.72,9.86,10.44,7.78,11.09
1984-09,1.26,-0.2,-2.57,2.25,-3.94,2.92,0.06,-4.42,4.86,2.18
1984-10,1.38,2.15,0.59,-4.35,-0.55,-0.8,-0.69,1.66,3.35,0.77
1984-11,0.38,-3.03,-1.35,-0.99,-3.8,-0.24,-2.91,-0.08,3.06,-0.34
1984-12,2.44,4.61,2.16,-0.57,2.54,5.12,0.76,2.71,2.65,3.77
1985-01,4.84,9.84,8.47,6.54,12.56,5.86,13.13,8.31,2.4,9.81
1985-02,5.07,-1.57,1.33,3.88,-1.32,2.69,2.1,3.6,1.37,2.06
1985-03,4.64,-5.23,-2.76,1.45,-6.02,5.48,-0.61,3.07,6.13,-0.16
1985-04,-2.13,-3.45,-1.49,3.8,-3.64,0.9,0.04,-1.77,1.6,1.44
1985-05,7.98,5.9,6.09,0.62,2.84,6.63,9.6,9.37,5.38,6.3
1985-06,2.76,1.49,1.51,-0.64,-0.7,4.1,1.6,2.27,3.62,2.86
1985-07,-2.62,2.54,3.41,-0.59,4.41,-4.57,-3.99,-0.47,-4.65,-0.16
1985-08,0.7,-3.03,-1.14,1.58,-2.53,0.53,-0.61,-0.82,1.92,-0.38
1985-09,-0.57,-3.09,-3.98,-1.3,-4.74,-4.08,-4.33,-3.92,-5.38,-4.98
1985-10,3.57,0.98,3.29,5.95,3.02,4.16,6.83,2.87,6.33,6.4
1985-11,8.23,9.88,7.94,0.34,8.66,7.41,7.97,9.56,4.1,7.42
1985-12,5.46,7.0,4.48,-2.68,8.27,6.03,4.54,3.52,4.98,4.47
1986-01,1.79,2.09,1.62,-6.8,-0.29,-3.78,1.65,1.06,3.79,3.54
1986-02,10.83,10.74,10.24,0.87,4.96,7.39,7.82,6.07,6.59,8.34
1986-03,8.12,7.84,5.99,0.95,-0.08,4.18,8.56,12.08,3.98,5.76
1986-04,0.43,-3.31,-1.61,0.75,3.92,2.43,0.4,0.71,-3.93,-2.57
1986-05,8.87,3.06,4.41,7.36,0.95,4.59,9.77,7.25,3.63,4.66
1986-06,6.32,-1.17,-0.04,-2.05,-3.87,5.38,3.94,5.68,5.05,1.54
1986-07,-5.73,-8.95,-7.51,-5.12,-8.34,-2.98,-9.39,-5.36,5.13,-6.43
1986-08,2.58,7.01,6.46,16.73,6.98,6.84,1.66,4.0,7.92,6.81
1986-09,-10.85,-8.12,-6.55,-0.88,-6.97,-9.44,-8.46,-12.6,-9.11,-8.83
1986-10,8.86,6.01,6.47,1.91,0.59,4.63,7.31,7.98,5.21,4.2
1986-11,0.72,4.64,2.44,3.25,3.55,3.98,1.61,1.37,0.55,-0.66
1986-12,-3.22,-2.57,-1.98,-0.46,-3.67,-3.71,-5.99,-1.22,-3.3,-2.58
1987-01,14.46,18.66,14.44,14.15,16.4,5.3,11.72,13.15,9.3,11.17
1987-02,5.61,3.59,4.78,-1.76,9.43,0.03,9.81,11.12,-2.15,4.66
1987-03,1.14,4.43,3.4,11.83,2.61,1.39,1.68,0.15,-1.68,-0.36
1987-04,-3.68,4.11,-1.56,0.11,4.39,-2.47,-2.7,-2.45,-4.33,-4.07
1987-05,2.63,-1.29,0.33,3.02,0.29,3.29,-0.05,1.25,-1.85,-0.01
1987-06,6.79,2.78,5.19,5.83,-0.02,6.95,6.26,4.78,3.4,4.62
1987-07,5.73,6.93,7.02,3.19,0.96,5.84,5.7,5.79,-1.67,3.55
1987-08,3.67,5.66,2.85,1.93,7.46,5.08,3.33,2.21,3.71,4.33
1987-09,-2.77,-3.83,0.29,-3.86,-2.68,3.34,-6.37,-2.57,-2.31,-1.8
1987-10,-20.98,-26.58,-27.33,-18.85,-25.82,-12.16,-27.91,-20.3,-6.93,-23.72
1987-11,-8.0,-8.33,-5.16,-10.66,-9.87,-8.9,-8.65,-9.31,-2.55,-6.57
1987-12,7.56,8.76,10.87,6.75,11.89,3.91,8.59,5.35,0.56,5.39
1988-01,3.04,4.28,0.28,8.43,-2.48,10.03,5.62,6.37,9.77,6.31
1988-02,6.04,6.45,7.76,3.61,7.48,1.24,10.27,4.21,-1.41,4.33
1988-03,-1.52,-3.62,-1.34,2.62,-4.69,-3.96,-1.15,-2.49,-3.18,-1.35
1988-04,-0.17,2.72,1.6,4.62,2.62,0.74,1.6,-2.01,-0.3,-0.39
1988-05,-0.26,0.96,-0.41,-0.41,-1.34,2.34,-1.41,-0.37,3.62,0.94
1988-06,3.37,7.83,7.57,-2.08,9.42,2.91,6.44,2.78,3.23,6.03
1988-07,1.31,0.1,-2.28,3.59,-4.91,0.15,-0.93,0.51,-0.22,-0.61
1988-08,-0.34,-6.38,-4.4,-1.5,-8.09,-2.9,-2.26,-1.08,-0.12,-0.91
1988-09,6.69,3.66,3.5,-2.47,2.88,7.07,8.14,3.76,2.67,4.06
1988-10,8.33,3.21,0.76,1.89,-0.09,2.97,1.39,1.26,2.51,0.01
1988-11,-1.22,-0.88,-2.19,-0.29,-3.05,0.05,-2.7,-2.13,-0.5,-2.16
1988-12,3.27,0.39,3.14,1.83,4.64,1.25,1.59,1.76,1.04,0.91
1989-01,5.6,7.41,7.46,6.26,7.11,8.36,6.18,6.81,2.67,6.86
1989-02,-1.27,-2.8,-2.1,-1.28,-3.74,-1.37,-1.87,-1.24,-1.78,-0.52
1989-03,5.7,-1.59,1.19,3.89,-5.33,5.29,2.63,4.91,0.55,3.57
1989-04,5.8,0.33,5.34,2.49,5.18,9.54,5.35,5.43,3.97,4.63
1989-05,4.93,1.86,3.68,2.7,2.38,5.92,5.28,3.37,5.28,4.24
1989-06,1.44,1.45,-2.67,-1.01,-3.17,0.18,-2.13,-2.95,3.42,0.77
1989-07,11.9,5.24,7.62,3.76,2.95,9.13,9.17,13.57,5.81,8.11
1989-08,-1.98,4.89,4.38,3.52,2.47,0.8,2.61,0.4,-0.8,3.22
1989-09,-0.57,-4.66,-2.57,1.35,-2.73,4.03,-2.35,2.34,0.48,1.4
1989-10,-2.45,-5.73,-4.34,0.75,-4.33,-1.96,-4.03,0.37,1.01,-4.9
1989-11,1.69,-1.12,3.07,3.99,-2.03,2.11,1.22,4.56,3.24,-0.05
1989-12,1.39,-1.35,2.96,6.0,-1.05,5.85,1.22,1.04,4.8,-1.6
1990-01,-9.47,-3.52,-6.31,-4.28,-1.47,-13.04,-6.41,-7.3,-5.35,-8.92
1990-02,-0.55,5.05,2.56,3.11,4.04,-0.26,1.93,-2.08,0.21,2.52
1990-03,4.63,2.88,3.88,-0.59,4.63,4.22,5.16,3.8,-0.75,-0.38
1990-04,-0.17,-4.08,-2.77,-3.58,-1.94,-3.29,-2.08,0.34,-5.52,-3.42
1990-05,9.09,7.75,8.11,6.05,12.41,9.2,11.53,12.81,5.43,9.18
1990-06,2.08,-2.21,-0.55,-2.04,-1.27,-4.74,1.53,4.42,0.75,-1.73
1990-07,-0.79,-3.45,0.18,8.3,-7.64,-4.42,-4.14,2.67,0.9,-3.58
1990-08,-7.37,-14.24,-12.0,-1.3,-12.04,-10.38,-12.04,-6.65,-6.64,-11.3
1990-09,-4.07,-10.63,-8.0,-1.62,-6.55,1.82,-8.77,-4.32,0.48,-9.97
1990-10,2.5,-3.29,-1.93,-3.97,-3.17,3.02,-3.04,1.46,7.22,-6.49
1990-11,6.56,4.17,7.37,1.62,11.0,2.12,10.43,9.68,2.31,10.63
1990-12,4.4,-0.41,4.93,-2.04,4.07,1.51,3.3,2.87,0.79,5.49
1991-01,5.1,7.37,6.3,-2.03,15.08,0.02,9.39,4.78,-1.37,7.39
1991-02,10.31,10.27,5.84,8.56,5.99,3.03,8.35,10.16,4.84,9.8
1991-03,4.82,1.22,1.41,1.29,0.28,2.3,8.6,6.24,1.72,3.07
1991-04,-0.99,-2.28,0.5,2.4,-2.71,1.13,2.02,-1.21,-0.05,1.34
1991-05,3.61,14.88,7.6,-1.42,3.68,-1.46,7.72,4.47,0.15,4.98
1991-06,-4.96,-4.49,-4.26,-3.66,-8.86,-1.49,-4.31,-4.19,-2.37,-5.24
1991-07,5.77,-0.42,3.11,5.03,4.75,3.11,5.31,8.51,3.99,4.74
1991-08,5.48,-2.15,1.86,1.63,2.84,0.66,3.6,2.95,3.52,3.21
1991-09,-3.24,-2.67,-2.31,-0.68,-1.48,0.37,-3.16,-0.33,3.72,-0.67
1991-10,-0.54,-1.99,1.48,2.06,2.13,1.93,-1.94,6.53,1.25,2.25
1991-11,-0.42,-8.02,-5.57,-7.75,-4.32,-4.75,-1.2,-2.53,1.9,-5.41
1991-12,14.77,7.61,11.58,2.15,9.29,9.85,13.04,16.6,5.01,12.76
1992-01,-3.12,10.5,2.31,-4.13,6.43,-2.88,0.28,-5.44,-4.57,1.99
1992-02,1.05,12.36,2.2,-0.54,3.81,-1.45,2.64,-2.74,-1.24,3.07
1992-03,-1.51,0.8,-1.16,-2.72,-5.07,-0.87,-1.36,-5.53,-0.53,-2.19
1992-04,0.76,7.95,3.03,9.46,-0.9,7.1,-3.51,-2.3,2.69,0.62
1992-05,1.31,-1.93,-0.61,3.15,0.1,-2.61,0.24,1.11,2.54,1.47
1992-06,-2.81,2.18,-3.25,-3.5,-4.05,1.49,-1.92,-4.78,0.54,-0.06
1992-07,4.67,0.3,2.91,5.28,2.86,5.46,3.83,5.79,6.73,3.12
1992-08,0.87,-9.61,-3.53,2.55,-4.38,-0.97,-0.5,-3.46,-0.47,-3.46
1992-09,1.06,0.1,1.79,0.13,3.33,1.91,4.08,-4.86,0.83,3.44
1992-10,-0.82,-0.02,0.96,-3.5,1.95,-0.55,4.36,3.34,-0.42,2.98
1992-11,3.62,8.58,3.93,-2.71,6.58,3.88,7.08,4.84,-0.23,6.11
1992-12,0.05,3.35,1.44,1.99,0.02,5.64,0.61,-1.35,2.71,3.8
1993-01,-0.8,9.58,0.16,2.78,4.8,1.33,0.09,-6.87,2.46,3.36
1993-02,-2.14,-0.3,1.71,6.02,-0.53,5.6,-1.48,-9.01,6.23,0.35
1993-03,0.0,5.4,2.2,4.09,2.25,3.35,2.78,0.73,1.76,3.8
1993-04,-9.32,2.44,0.04,1.1,-3.58,-2.88,-8.09,1.29,-0.15,-3.28
1993-05,2.67,1.1,2.34,1.82,8.74,4.16,5.87,3.6,-0.04,1.64
1993-06,-0.69,3.45,-0.27,-1.11,-0.52,4.64,-2.89,-2.98,3.19,2.3
1993-07,-2.36,1.49,-0.11,0.47,-3.84,2.14,0.73,-5.98,1.94,2.06
1993-08,4.3,0.47,3.48,4.28,6.57,5.25,3.93,3.03,3.7,3.47
1993-09,-1.84,1.0,-1.89,1.34,1.2,-0.48,-0.38,0.84,-0.64,1.78
1993-10,6.04,7.73,3.08,-1.97,1.65,2.42,4.59,5.93,-1.97,-2.33
1993-11,0.69,0.67,1.34,-5.99,-0.23,-5.96,0.76,0.98,-5.52,-2.83
1993-12,1.47,4.44,3.76,0.6,2.95,-0.53,-1.88,2.32,1.61,2.53
1994-01,-0.41,7.17,4.85,4.88,4.62,2.17,1.1,1.74,-1.2,4.36
1994-02,-1.27,-4.43,-0.67,-2.96,1.72,-5.5,1.88,-5.42,-4.98,-3.85
1994-03,-4.04,-6.48,-4.41,-3.58,-3.8,-3.61,-4.84,-6.75,-3.94,-4.29
1994-04,1.23,-0.59,0.04,4.19,-1.53,1.59,0.21,2.25,2.13,1.37
1994-05,-1.35,-2.64,2.04,0.94,2.09,1.63,-1.81,4.31,-5.36,3.04
1994-06,-1.9,-3.42,-2.61,-2.7,-5.15,0.62,-2.63,-3.42,-3.15,-2.61
1994-07,2.92,3.48,4.59,3.25,3.78,3.1,0.94,1.1,5.19,2.7
1994-08,6.05,-0.04,4.73,-0.1,9.19,1.02,4.41,10.87,0.66,3.48
1994-09,-0.32,-5.06,-1.65,-2.1,-0.39,-1.15,-2.32,1.71,-2.79,-4.21
1994-10,2.2,-1.74,0.57,7.4,7.07,-0.13,1.3,0.91,1.59,0.06
1994-11,-1.67,-5.07,-5.34,-4.86,-2.09,-5.42,-3.42,0.43,0.28,-5.18
1994-12,1.33,3.88,4.0,-0.99,2.46,0.86,-2.7,0.57,0.35,1.4
1995-01,1.81,-5.75,-0.4,0.37,-0.8,4.16,1.59,6.06,6.22,4.68
1995-02,2.94,5.12,5.54,4.5,6.66,1.51,2.66,2.32,0.82,4.86
1995-03,2.76,1.43,3.51,5.28,4.54,0.24,3.62,2.77,-1.75,1.9
1995-04,1.9,1.44,2.95,2.22,8.23,1.62,-1.72,3.0,2.38,1.77
1995-05,4.75,4.8,3.21,4.08,2.92,0.91,2.67,1.63,6.04,4.46
1995-06,1.68,0.75,2.1,-3.07,9.7,3.87,4.94,4.48,-0.46,2.22
1995-07,1.15,2.46,3.63,2.29,7.71,5.07,3.57,5.47,-0.37,4.75
1995-08,0.64,0.79,-0.22,-1.58,0.05,4.38,-2.71,1.03,0.99,3.72
1995-09,6.73,-0.64,2.22,1.29,1.27,5.75,2.89,7.38,6.3,4.47
1995-10,0.54,-4.9,-2.65,-0.26,1.47,0.15,-5.48,1.03,1.48,-1.99
1995-11,4.52,5.5,6.42,4.79,-0.44,2.79,6.14,4.93,1.58,6.11
1995-12,1.51,3.06,1.49,5.8,-4.1,4.12,-0.84,5.89,5.1,1.05
1996-01,2.61,3.47,3.31,-0.41,2.01,2.28,-0.3,6.05,1.86,3.48
1996-02,3.22,2.03,0.9,1.02,6.36,-2.38,4.41,-1.12,-2.67,2.14
1996-03,-0.84,4.34,3.43,5.01,-3.33,-2.01,5.97,0.21,-0.52,1.81
1996-04,0.17,3.6,1.66,3.45,9.68,2.88,4.27,-0.61,-2.66,0.22
1996-05,6.55,2.24,2.28,0.52,3.89,-0.02,4.39,3.91,1.32,1.5
1996-06,3.2,-4.83,-0.43,0.97,-4.75,0.55,-1.71,-0.25,5.27,-0.24
1996-07,-4.05,-4.54,-4.01,-4.63,-7.4,-8.49,-7.62,-6.25,-5.81,-4.24
1996-08,-0.81,3.01,3.16,2.94,4.4,-1.32,6.07,4.31,2.89,3.91
1996-09,3.75,1.37,6.14,4.01,10.65,1.62,3.68,7.36,0.68,5.09
1996-10,1.55,3.22,1.64,5.96,-1.92,-0.31,-2.29,-0.85,3.61,3.94
1996-11,5.16,6.04,6.08,5.54,11.93,5.49,3.11,6.61,2.6,7.45
1996-12,0.5,-2.26,-0.36,0.79,-2.74,2.9,-3.43,-2.62,0.13,-1.81
1997-01,5.75,2.99,4.18,4.35,9.3,2.29,0.1,9.57,0.92,6.0
1997-02,4.15,0.55,0.67,-5.74,-7.42,2.57,3.16,0.93,-0.57,2.57
1997-03,-5.24,-3.32,-3.64,5.23,-5.66,-7.83,-1.45,-7.48,-2.79,-5.82
1997-04,5.31,3.81,5.37,0.03,7.68,2.49,2.11,6.07,-1.39,5.1
1997-05,5.93,6.3,7.82,7.32,10.18,6.56,6.03,7.01,3.63,6.03
1997-06,3.58,3.35,5.2,1.28,1.43,3.46,5.1,8.87,3.14,5.2
1997-07,3.34,7.46,7.18,7.43,15.97,2.25,7.8,2.1,2.83,9.23
1997-08,-6.41,1.23,-5.41,0.29,-1.39,-2.41,-2.52,-6.1,-1.16,-4.72
1997-09,5.54,5.19,3.39,6.25,3.43,9.65,5.3,6.61,4.62,8.0
1997-10,-3.15,-3.37,-5.84,-2.02,-8.28,2.88,-1.97,0.09,0.89,-2.8
1997-11,6.46,-1.42,4.22,-3.48,1.44,10.68,5.31,2.77,7.18,2.93
1997-12,3.77,3.63,-0.28,-1.46,-4.22,4.16,-0.15,3.52,8.01,5.19
1998-01,-2.73,0.49,0.69,-5.66,5.25,5.09,0.9,5.66,-4.38,-1.96
1998-02,4.96,12.29,7.09,6.79,10.34,2.41,10.38,5.53,2.64,8.2
1998-03,5.88,6.18,4.81,4.8,1.31,10.09,6.79,3.58,6.7,5.9
1998-04,-3.24,1.8,1.22,3.74,5.18,-3.21,-0.63,1.91,-2.49,2.01
1998-05,1.1,6.15,-2.49,-4.27,-7.04,-1.82,2.12,-2.5,-1.09,-3.08
1998-06,4.14,1.12,-0.74,-1.24,8.74,2.93,5.26,6.2,3.0,3.11
1998-07,-4.14,-1.04,-5.76,-6.49,0.52,3.82,-2.92,-0.26,-5.41,-1.73
1998-08,-13.1,-18.96,-14.31,-10.39,-17.68,-12.36,-14.2,-12.37,1.96,-21.43
1998-09,1.26,0.8,0.66,12.95,15.15,10.27,1.48,12.09,8.17,3.0
1998-10,10.99,10.63,11.27,1.16,6.21,6.74,10.69,3.83,-1.77,8.34
1998-11,6.41,5.24,3.52,0.61,11.66,3.66,9.46,6.19,1.33,6.05
1998-12,0.33,3.74,2.39,-1.24,15.15,14.39,9.22,4.94,2.86,3.39
1999-01,-3.47,4.9,0.59,-4.97,15.07,9.13,2.18,0.28,-6.25,0.97
1999-02,-3.99,-4.5,-2.13,-3.26,-11.57,-2.89,-1.34,0.17,-3.63,0.01
1999-03,-2.03,-0.37,4.86,15.28,8.47,-0.68,2.7,2.51,-1.64,2.42
1999-04,3.91,9.41,9.45,15.77,2.26,7.75,0.38,-5.53,7.35,6.71
1999-05,1.37,-4.47,-3.3,-3.1,-0.83,0.66,-2.98,-2.03,6.73,-3.89
1999-06,0.26,0.93,4.51,-1.48,11.56,5.88,8.07,4.43,-4.49,3.05
1999-07,-2.44,-6.03,-1.16,1.64,-1.73,-1.72,-5.0,-4.4,-0.58,-5.94
1999-08,-4.59,0.6,-0.52,1.92,5.46,-8.25,-5.96,3.76,0.58,-5.04
1999-09,-6.91,-8.37,-3.15,-3.96,-0.1,4.65,1.27,-7.07,-4.28,-4.55
1999-10,6.6,4.6,5.71,-1.57,3.01,8.3,3.21,10.73,2.16,11.43
1999-11,-1.1,-2.2,-0.98,3.81,12.75,4.61,4.15,1.52,-7.36,-2.49
1999-12,-2.64,2.75,10.28,0.63,20.75,4.53,6.76,-5.62,-2.37,1.4
2000-01,-4.72,-1.33,-8.66,1.28,-5.21,-3.85,-11.01,7.63,5.54,-4.75
2000-02,-6.27,-8.81,-3.74,-5.6,18.04,-3.69,-3.95,-2.51,-7.07,-7.38
2000-03,7.43,10.89,7.52,11.92,4.09,8.27,13.39,-0.03,5.89,14.36
2000-04,-1.96,8.69,1.46,-2.31,-10.55,-8.33,-4.48,5.04,7.42,-2.83
2000-05,7.1,-12.31,-1.72,9.39,-10.85,-9.97,-2.83,3.72,3.96,3.35
2000-06,2.18,-8.99,-1.28,-5.05,12.63,3.99,-2.21,10.99,-4.68,-3.13
2000-07,0.72,4.73,-1.45,-2.68,-5.15,-6.74,-1.22,-6.51,3.87,5.36
2000-08,-2.08,5.44,7.41,8.75,12.68,-1.49,-2.4,3.5,11.66,9.24
2000-09,3.73,-4.16,-5.7,4.56,-14.73,-4.45,2.66,3.67,8.8,0.25
2000-10,7.48,2.55,3.4,-2.81,-7.47,-0.17,-1.75,2.06,-1.67,-1.29
2000-11,2.7,-11.14,-3.08,-2.52,-23.2,-16.53,-1.04,0.75,2.96,-5.98
2000-12,5.44,0.08,6.97,7.5,-7.99,-4.27,5.67,3.49,6.47,6.47
2001-01,-2.18,13.05,-0.98,-3.43,16.18,15.5,6.41,-8.51,-10.23,0.63
2001-02,0.14,-1.25,-3.79,-0.03,-26.07,-10.3,-5.33,-0.54,6.18,-4.25
2001-03,-4.78,-3.33,-6.05,-0.1,-13.89,-6.0,-2.87,-8.59,1.05,-4.5
2001-04,0.92,8.7,7.55,10.02,18.01,4.01,5.6,4.25,5.41,6.08
2001-05,3.4,-1.56,2.15,0.1,-3.2,-1.63,1.61,2.77,0.47,3.64
2001-06,-1.52,3.79,-4.65,-7.46,1.41,-2.68,-2.58,-2.98,-6.15,-0.09
2001-07,-0.54,3.26,0.53,-2.23,-7.57,-0.96,4.55,2.28,-3.84,-2.17
2001-08,1.99,-10.05,-2.18,-3.5,-12.63,-8.64,-6.92,-3.1,0.53,-5.2
2001-09,-3.52,-17.27,-12.7,-6.18,-19.0,-2.35,-9.51,-0.63,-6.6,-7.87
2001-10,1.28,1.07,3.94,5.14,15.7,-9.57,1.57,1.26,1.76,-0.98
2001-11,2.58,15.01,8.46,-4.21,15.89,5.85,9.81,5.02,-1.43,7.2
2001-12,1.89,-0.84,2.64,5.97,-0.63,2.6,4.34,-2.82,4.04,3.68
2002-01,0.87,2.85,1.56,-2.87,-0.52,-7.15,2.61,-2.41,-4.33,-1.56
2002-02,4.24,3.27,4.36,5.56,-13.15,-2.75,-0.15,-0.45,-0.36,-0.25
2002-03,3.8,6.89,4.93,7.69,6.5,0.36,2.09,0.54,10.29,5.24
2002-04,2.12,1.93,-1.51,-4.55,-11.9,-12.76,-1.62,-7.55,-0.42,-2.75
2002-05,1.27,-0.43,-0.26,-0.74,-3.59,3.0,-1.44,-2.28,-6.92,-0.53
2002-06,-6.05,-8.16,-2.98,0.01,-12.15,-14.4,-5.1,-9.53,-5.81,-5.11
2002-07,-6.63,-11.92,-8.52,-11.83,-9.7,-11.67,-11.43,-2.76,-12.14,-6.37
2002-08,2.25,0.62,-1.29,0.63,-0.96,0.2,1.84,0.65,3.4,1.13
2002-09,-7.73,-10.9,-8.34,-7.85,-16.6,-9.85,-9.44,-5.89,-10.88,-10.6
2002-10,5.06,-2.71,3.78,3.14,19.37,21.94,5.72,5.68,-0.61,6.38
2002-11,-1.09,11.99,6.25,3.02,16.27,11.81,1.9,3.78,1.58,4.2
2002-12,-0.23,-6.52,-3.81,0.84,-12.9,-9.51,-6.99,-4.09,3.83,-4.79
2003-01,-3.93,-3.4,-4.07,-2.5,-1.51,-4.11,-4.76,-0.6,-3.21,-2.38
2003-02,-2.88,-4.79,-2.27,1.95,1.16,-6.45,-1.21,-1.96,-3.98,-2.7
2003-03,-2.62,-2.57,1.32,1.5,-0.97,-0.43,4.68,3.73,4.31,1.04
2003-04,4.38,15.05,6.3,-0.47,9.18,11.26,8.97,4.27,7.23,11.64
2003-05,9.54,2.86,4.66,8.66,9.8,6.32,3.48,3.94,10.16,5.23
2003-06,1.66,2.42,0.54,-0.96,0.35,2.09,3.44,4.16,1.06,0.91
2003-07,-1.69,6.67,4.97,-2.62,5.6,-1.71,3.29,0.48,-5.43,3.61
2003-08,0.29,8.03,4.09,6.19,6.06,1.26,6.73,-2.82,1.92,0.62
2003-09,1.14,-4.21,-3.74,-2.18,-0.93,-5.52,-4.54,0.3,3.84,0.26
2003-10,5.93,7.31,8.89,1.65,8.28,6.83,9.03,0.87,1.51,6.34
2003-11,3.59,3.07,2.08,0.65,1.86,-0.63,0.56,1.82,0.95,1.15
2003-12,3.44,11.9,6.73,13.6,2.15,7.57,-2.13,5.64,5.86,4.28
2004-01,0.06,-0.76,-0.7,0.23,4.51,1.65,0.45,3.1,1.91,2.89
2004-02,4.26,0.0,1.97,4.54,-2.91,-0.42,6.1,0.89,2.11,2.13
2004-03,-0.09,-1.36,-0.28,0.02,-2.51,-2.03,0.28,-3.91,1.14,-0.66
2004-04,1.41,2.46,-0.17,2.66,-4.89,-0.43,-2.72,3.51,-3.57,-3.7
2004-05,-1.91,-1.64,1.67,0.55,4.83,-2.96,0.3,-0.42,1.26,1.72
2004-06,1.67,5.34,5.3,5.46,2.67,0.8,0.03,-0.5,2.03,1.31
2004-07,-5.97,-4.64,-4.06,3.32,-8.51,-1.0,-4.03,-5.93,1.06,-2.3
2004-08,0.79,-2.23,1.34,-1.38,-4.51,1.17,-1.2,1.64,3.67,1.88
2004-09,-2.02,2.3,1.94,8.82,3.46,1.33,2.61,-1.41,1.38,1.1
2004-10,2.84,-3.0,-1.45,0.64,5.14,3.31,3.06,-2.43,4.24,1.09
2004-11,4.61,7.27,7.23,6.58,5.73,3.63,3.67,0.67,4.89,4.69
2004-12,4.77,4.88,2.52,-2.31,3.09,4.18,3.5,5.66,2.48,4.41
2005-01,0.23,-7.02,-1.76,3.03,-6.32,-4.24,-1.03,-4.08,1.76,-2.17
2005-02,0.73,-0.25,4.07,19.45,0.03,-0.44,0.63,2.44,2.36,0.15
2005-03,-0.85,-8.0,-1.39,-3.44,-2.54,-0.04,0.22,-0.48,0.61,-2.36
2005-04,-0.96,-11.05,-4.68,-5.61,-4.51,-2.0,-5.28,3.95,2.13,-1.59
2005-05,2.33,8.81,2.91,2.1,8.21,1.5,6.43,1.48,1.66,3.24
2005-06,-1.67,2.1,-1.16,5.76,-1.64,0.19,2.44,-0.58,5.56,1.42
2005-07,2.71,5.42,5.83,5.89,6.13,3.13,5.83,3.72,2.98,2.41
2005-08,0.08,-2.87,-1.36,5.81,-0.38,-1.2,-5.6,-0.31,1.25,-1.67
2005-09,0.37,-4.34,0.84,7.26,0.67,-1.47,-1.8,-1.93,4.38,1.22
2005-10,-1.5,-5.21,-2.39,-10.16,-1.78,-3.03,1.54,-3.26,-6.85,1.24
2005-11,0.99,2.21,5.31,1.01,6.45,2.64,3.94,1.59,-0.22,4.92
2005-12,-0.07,-0.65,1.44,0.44,-1.91,-1.73,-0.59,2.4,1.24,0.19
2006-01,0.1,5.79,5.17,12.54,4.06,3.86,2.01,2.19,3.03,1.58
2006-02,1.15,-0.38,1.02,-8.14,-0.99,3.3,1.4,1.05,0.23,0.99
2006-03,1.24,2.66,3.01,4.0,2.88,1.8,2.43,-1.01,-3.65,1.87
2006-04,1.05,0.28,4.08,4.52,-1.14,1.47,-1.58,-1.86,1.82,2.15
2006-05,1.06,0.63,-3.35,-3.46,-6.9,0.0,-1.87,-2.2,1.51,-3.09
2006-06,0.3,1.87,-0.5,2.73,-1.43,2.95,0.29,-0.11,2.42,-0.35
2006-07,3.55,-3.01,-3.65,5.06,-3.78,2.44,-4.29,4.12,4.83,-0.91
2006-08,3.06,2.37,2.05,-3.24,7.41,2.28,2.22,2.33,2.28,1.73
2006-09,-0.65,4.22,1.89,-3.81,3.57,3.66,5.69,1.53,-2.12,3.24
2006-10,2.81,4.96,4.42,5.2,4.04,5.2,3.92,1.7,5.36,2.95
2006-11,1.45,1.8,3.54,8.59,3.02,0.63,-1.23,0.07,3.06,1.6
2006-12,2.02,-0.81,0.5,-1.93,-0.97,4.33,1.46,0.13,0.73,3.21
2007-01,1.54,2.91,3.16,-1.33,1.99,2.73,3.64,3.51,0.48,1.05
2007-02,-1.49,-0.4,0.71,-2.12,-2.35,-2.78,-0.68,-2.85,4.16,-2.29
2007-03,2.65,-1.1,1.64,5.9,0.87,2.31,0.8,-0.25,4.33,-0.26
2007-04,3.62,6.21,4.41,5.13,4.85,1.74,2.28,6.78,3.92,3.3
2007-05,2.88,3.17,4.77,7.15,3.92,7.31,2.36,1.14,1.19,3.17
2007-06,-1.06,1.88,-0.68,0.86,0.53,-1.8,-1.97,-3.37,-4.82,-2.77
2007-07,-4.15,-5.8,-0.02,-1.1,-1.06,-3.11,-5.32,-4.02,-3.73,-5.27
2007-08,1.82,-1.79,0.68,0.23,2.89,-0.86,1.53,2.32,1.84,1.18
2007-09,4.0,1.72,5.43,7.84,4.17,2.05,-0.65,3.54,3.48,2.63
2007-10,2.18,0.95,0.97,2.79,6.79,-2.18,1.17,1.41,6.56,0.24
2007-11,0.85,-8.96,-2.66,-4.34,-7.51,-6.25,-3.73,0.01,-0.71,-5.98
2007-12,-1.01,-2.16,1.0,7.7,1.46,-0.25,-2.68,-3.95,0.9,-3.49
2008-01,-5.19,-5.2,-7.43,-9.11,-12.35,-7.78,-0.47,-4.61,-6.93,-2.04
2008-02,-0.13,-6.0,0.74,6.94,-3.58,-3.85,-4.65,-0.93,-3.03,-7.9
2008-03,1.18,-4.14,-0.15,-2.89,0.67,-0.05,1.85,-1.77,0.81,-1.94
2008-04,-1.15,6.56,5.07,10.63,6.44,4.62,5.01,0.43,6.39,3.47
2008-05,3.38,1.33,3.3,4.28,5.65,4.79,1.19,1.62,3.59,-2.39
2008-06,-7.34,-19.5,-9.19,2.82,-8.82,-10.92,-8.09,-3.01,-0.41,-14.76
2008-07,2.26,-0.66,-0.24,-15.66,-0.57,-3.09,1.14,6.75,-7.1,4.39
2008-08,1.72,1.66,1.42,-0.04,2.4,4.0,5.39,1.77,-0.46,0.67
2008-09,-2.96,-8.99,-13.51,-12.12,-12.47,-12.61,-5.76,-5.95,-11.84,-6.31
2008-10,-13.41,-33.62,-20.71,-16.78,-18.26,-15.53,-15.08,-11.03,-11.12,-19.72
2008-11,-4.37,-10.71,-7.68,0.14,-10.87,-1.58,-7.68,-7.33,1.26,-12.36
2008-12,0.87,0.17,1.39,-2.43,2.17,3.47,4.89,6.74,-2.04,0.81
2009-01,-5.05,-12.69,-9.22,-3.53,-3.2,-10.32,-7.61,-2.2,-0.84,-17.66
2009-02,-7.66,-12.14,-13.53,-12.51,-5.08,-6.95,-3.05,-10.82,-12.52,-14.59
2009-03,6.44,12.21,7.61,3.96,11.47,7.95,9.98,7.41,2.82,13.07
2009-04,4.97,44.32,17.06,4.54,12.29,9.65,9.54,-0.94,2.09,16.22
2009-05,7.16,-3.22,5.5,10.5,3.04,1.05,-0.93,6.21,4.64,7.16
2009-06,0.65,4.4,-1.73,-4.78,4.53,1.65,-0.29,3.61,4.64,-2.0
2009-07,7.31,19.76,11.33,5.35,8.1,5.54,6.77,5.48,4.41,9.17
2009-08,0.74,2.5,2.97,0.78,2.27,0.73,3.71,2.2,0.25,7.73
2009-09,4.23,2.1,6.52,5.12,5.23,6.49,2.4,2.18,2.24,3.12
2009-10,-0.62,-0.61,-2.87,2.48,-1.5,-3.98,0.04,-3.47,-2.71,-5.45
2009-11,3.86,10.37,7.61,3.22,4.83,6.84,5.0,8.07,4.58,5.96
2009-12,2.64,5.65,2.87,-0.52,5.98,6.42,1.95,2.47,5.87,0.88
2010-01,-2.4,-0.4,-3.31,-4.85,-7.81,-6.77,-1.83,-0.01,-4.45,-0.53
2010-02,2.66,7.39,5.21,2.59,4.79,2.76,4.29,0.38,-0.42,3.61
2010-03,5.8,9.38,6.5,3.2,6.68,7.63,6.25,3.63,3.12,8.1
2010-04,-1.02,7.27,3.18,4.08,2.27,3.41,2.52,-2.18,2.85,1.81
2010-05,-5.73,-9.07,-8.43,-10.23,-7.76,-5.85,-5.41,-8.08,-6.3,-8.75
2010-06,-1.91,-10.68,-5.8,-6.26,-6.15,-3.84,-9.11,-1.66,-0.71,-6.5
2010-07,7.36,15.38,9.81,7.69,7.26,9.59,4.61,2.14,6.81,6.78
2010-08,-1.17,-9.58,-5.57,-3.44,-6.53,-1.99,-3.97,-1.7,0.36,-7.1
2010-09,6.15,13.08,10.16,9.2,12.55,7.88,12.15,9.0,3.65,8.51
2010-10,4.4,8.54,5.17,4.58,6.41,4.56,2.41,1.94,1.86,2.03
2010-11,-0.07,7.32,1.48,5.51,-0.73,-1.89,4.18,-3.34,-1.36,0.49
2010-12,4.35,8.9,6.99,9.41,5.98,6.59,3.21,5.45,3.23,9.23
2011-01,-2.37,-0.24,3.01,6.93,3.92,0.05,-0.86,-0.72,2.18,2.1
2011-02,4.72,-2.15,3.43,7.63,2.41,7.4,2.26,3.33,2.42,2.95
2011-03,3.03,1.87,1.84,2.11,-1.43,1.68,1.1,2.26,0.92,-1.1
2011-04,4.61,2.78,2.91,1.58,3.12,3.26,4.51,6.25,4.0,1.06
2011-05,2.04,-3.58,-2.17,-4.51,-1.76,0.77,0.88,1.99,1.32,-2.64
2011-06,-1.07,-1.09,-0.6,-2.31,-2.46,-1.38,-0.88,-1.87,-0.34,-2.11
2011-07,-0.42,-9.03,-4.8,0.49,-0.53,-4.98,-0.64,-3.67,-0.33,-3.64
2011-08,-0.66,-12.23,-6.16,-9.91,-6.77,-5.04,-2.88,-3.13,0.2,-8.16
2011-09,-4.87,-13.85,-11.02,-12.23,-4.78,-5.72,-3.89,-3.97,-1.61,-11.09
2011-10,6.3,23.07,14.17,16.25,11.8,7.61,9.75,5.52,6.7,13.58
2011-11,1.44,-8.68,1.38,2.15,-1.98,0.3,1.07,1.3,1.01,-2.04
2011-12,1.89,-1.03,-0.79,-0.35,-1.43,3.12,0.9,3.47,2.91,1.47
2012-01,0.39,13.66,6.78,1.01,8.47,2.37,4.06,3.43,-2.71,7.23
2012-02,3.93,5.95,3.89,6.52,6.63,5.07,3.12,1.25,1.3,4.2
2012-03,3.9,1.38,0.63,-3.27,4.65,2.38,4.66,3.95,1.48,4.91
2012-04,0.81,-7.3,-0.75,-1.57,-2.1,1.69,0.95,0.6,1.7,-1.68
2012-05,-2.67,-7.82,-7.81,-10.57,-7.8,-0.77,-3.03,-3.24,-0.88,-7.72
2012-06,3.44,-5.43,1.18,5.78,2.93,7.02,2.17,6.84,3.42,4.91
2012-07,1.4,-0.35,0.93,2.81,-0.1,4.15,1.22,1.63,3.5,-1.23
2012-08,0.12,4.25,3.25,2.36,4.8,0.97,2.76,0.97,-3.46,3.13
2012-09,0.94,3.4,1.7,3.81,1.21,4.86,1.92,4.68,2.11,3.83
2012-10,-1.68,6.31,-0.6,-1.86,-6.34,-2.43,-1.03,-1.92,1.09,0.93
2012-11,3.2,2.56,2.75,-1.49,1.48,0.06,1.47,1.51,-3.79,-0.38
2012-12,-2.26,7.6,2.77,1.33,0.37,1.15,-1.12,-0.53,0.12,3.66
2013-01,5.12,3.36,6.04,7.47,2.39,4.85,5.54,8.08,5.05,6.76
2013-02,3.17,-0.73,1.28,0.68,0.68,2.29,0.84,1.33,2.2,1.4
2013-03,5.06,4.44,2.61,2.07,2.7,5.64,4.73,6.52,5.69,4.19
2013-04,3.74,3.94,0.73,-1.39,0.38,4.32,2.72,2.59,5.13,0.83
2013-05,-2.29,10.04,3.48,3.03,4.56,-1.76,2.23,1.61,-7.14,5.94
2013-06,0.07,-0.45,-1.99,-2.39,-2.92,1.98,-0.03,-1.38,0.82,-1.2
2013-07,2.89,9.01,6.21,5.18,5.7,3.43,5.9,8.07,4.58,5.65
2013-08,-3.91,-1.03,-1.81,-1.9,-0.21,-3.29,-4.26,-3.67,-4.43,-3.68
2013-09,2.0,6.45,5.17,1.97,3.82,4.28,4.49,4.17,1.05,3.83
2013-10,4.82,0.76,4.6,4.79,3.76,5.85,5.12,3.55,3.34,3.83
2013-11,1.27,1.88,2.97,0.87,3.59,0.08,3.69,4.5,-1.81,4.7
2013-12,2.47,1.24,3.1,3.03,3.98,3.98,0.25,0.59,1.79,3.15
2014-01,-5.72,-3.62,-4.28,-6.89,-1.4,-3.81,-6.48,1.79,2.49,-4.33
2014-02,3.46,8.01,5.42,5.69,5.15,2.56,5.33,6.35,3.09,3.45
2014-03,3.25,-1.13,0.31,2.43,-0.61,0.15,-0.59,-2.47,2.68,2.04
2014-04,1.49,0.33,0.83,5.67,-1.05,0.39,-0.93,-0.33,3.98,-1.94
2014-05,3.37,0.69,1.27,0.88,3.42,4.11,0.99,1.85,0.01,1.78
2014-06,1.2,4.45,1.41,4.12,2.86,1.54,1.26,2.87,5.43,2.44
2014-07,-4.35,-4.71,-4.13,-3.56,0.15,0.8,-2.02,-0.34,-6.4,-2.26
2014-08,5.56,5.07,4.83,2.32,4.24,0.33,5.01,5.54,5.31,4.11
2014-09,-0.07,-9.38,-2.5,-7.83,-1.4,-1.45,-1.33,-0.22,-3.38,-1.11
2014-10,2.69,3.49,2.41,-4.19,1.58,1.3,2.71,5.92,6.71,3.41
2014-11,4.79,4.42,2.28,-9.57,4.28,2.46,7.51,2.52,0.26,2.51
2014-12,-2.41,0.35,-0.08,0.54,-1.26,-2.05,1.6,-0.83,1.86,1.18
2015-01,-0.56,-4.28,-3.75,-4.31,-3.46,-4.47,-0.4,1.58,1.24,-6.4
2015-02,5.13,8.02,6.15,4.72,8.22,8.92,5.67,4.0,-4.36,7.24
2015-03,-2.42,-0.58,-2.05,-2.49,-2.51,-2.12,0.66,0.86,-0.31,-0.61
2015-04,0.81,-0.71,-0.76,6.65,1.44,3.63,-2.09,-1.55,0.28,0.62
2015-05,1.5,0.99,0.88,-5.11,1.93,0.33,1.07,4.99,-0.43,1.72
2015-06,-1.53,-1.85,-1.99,-3.75,-3.59,-0.55,-0.61,0.37,-5.27,0.03
2015-07,4.96,-2.31,-2.0,-8.95,2.21,1.52,5.14,3.5,2.65,1.82
2015-08,-4.1,-5.98,-5.61,-3.65,-5.83,-8.38,-5.3,-8.38,-4.08,-6.17
2015-09,-0.56,-3.45,-4.24,-5.75,-1.32,-2.5,-2.06,-6.92,-0.5,-3.06
2015-10,6.8,6.96,9.41,12.17,10.12,9.07,4.82,7.51,2.09,6.57
2015-11,-0.92,1.96,0.41,1.06,1.15,-1.92,1.1,0.58,-3.42,1.38
2015-12,0.78,-4.08,-2.54,-9.6,-2.52,-2.96,0.04,0.32,-2.39,-2.67
2016-01,0.17,-12.33,-5.71,-4.37,-5.96,0.39,-4.53,-10.12,4.67,-8.73
2016-02,0.59,4.09,3.3,-2.95,-0.88,0.91,0.11,-0.97,1.72,-0.42
2016-03,4.96,10.65,6.91,10.89,8.49,6.16,5.56,3.95,7.84,7.15
2016-04,0.27,1.54,2.29,9.17,-4.2,0.69,-0.55,4.96,-0.8,2.41
2016-05,0.74,-1.09,-0.53,-0.59,5.14,0.17,0.96,2.42,2.24,1.2
2016-06,4.74,-5.48,0.91,2.55,-1.74,3.55,0.73,-0.17,7.43,-3.07
2016-07,-0.06,8.58,4.07,-2.73,7.53,2.25,3.84,6.16,-0.25,3.73
2016-08,-0.61,0.25,1.4,1.61,1.79,-3.17,-1.36,-3.15,-3.78,3.29
2016-09,-2.48,-1.54,-0.02,2.81,2.22,0.47,-0.62,0.6,1.83,-1.02
2016-10,-0.18,-3.77,-2.55,-2.96,-1.12,-3.05,-4.12,-7.53,-0.66,0.77
2016-11,-3.87,7.55,6.29,9.59,0.74,6.54,4.28,2.39,-2.65,11.5
2016-12,3.46,3.98,0.49,1.97,0.92,4.89,-0.3,0.69,3.61,2.96
2017-01,1.69,2.94,3.34,-4.29,4.6,3.33,1.11,2.02,1.09,0.93
2017-02,3.75,0.72,4.17,-2.46,4.84,-0.12,2.88,6.97,3.85,3.72
2017-03,0.88,0.24,0.13,-1.2,2.11,0.88,0.79,0.04,0.38,-1.62
2017-04,0.51,1.69,1.87,-2.73,2.55,0.11,2.65,0.93,0.32,0.39
2017-05,3.22,-0.15,1.27,-3.38,4.11,-1.52,1.67,-0.27,2.44,-0.4
2017-06,-1.12,3.35,1.22,-0.14,-2.03,-2.46,-1.88,5.53,-1.91,4.39
2017-07,-0.06,-1.01,2.17,2.04,3.61,5.33,0.2,0.69,2.99,1.44
2017-08,-1.75,0.03,0.33,-5.13,3.0,-2.48,-1.6,2.59,2.18,-0.57
2017-09,-0.38,5.39,3.94,10.94,0.6,-1.5,2.49,2.08,-1.95,4.57
2017-10,0.08,1.31,2.76,0.47,6.89,-5.58,2.69,-2.25,3.02,2.22
2017-11,4.07,-0.49,3.47,2.99,1.06,4.01,7.77,2.48,2.42,3.92
2017-12,2.01,-0.72,2.28,5.0,-0.18,4.49,2.54,-0.16,-4.98,1.36
2018-01,1.93,2.75,4.09,2.77,7.74,3.15,9.38,6.39,-2.81,5.91
2018-02,-6.22,-6.04,-4.03,-10.78,-0.01,-7.05,-4.48,-3.49,-4.54,-3.32
2018-03,-1.08,-5.57,-2.24,3.07,-3.13,-2.53,-2.58,-2.39,3.17,-2.65
2018-04,-3.95,-0.3,-3.42,9.93,-0.16,-2.31,3.78,-0.05,2.78,0.59
2018-05,-0.58,3.11,2.5,3.39,6.8,-1.31,0.85,2.38,0.27,1.45
2018-06,4.33,0.61,-0.98,0.5,-0.41,6.51,2.93,1.47,2.57,-0.94
2018-07,2.87,-1.16,5.22,1.11,2.55,2.73,3.08,5.9,1.68,3.74
2018-08,-1.16,-0.54,-0.37,-2.84,7.15,2.89,7.99,4.5,0.93,2.4
2018-09,0.71,-3.69,1.25,3.37,-0.05,1.79,0.55,2.08,-0.57,-1.5
2018-10,-0.22,-2.99,-9.79,-11.73,-8.82,-0.41,-8.8,-8.79,-0.06,-6.76
2018-11,0.49,5.24,4.68,-2.2,-1.58,2.52,2.64,6.41,3.26,2.84
2018-12,-11.31,-11.58,-8.7,-13.06,-8.22,-8.7,-9.01,-8.24,-4.77,-10.82
2019-01,7.29,11.03,9.66,10.34,9.3,5.45,8.32,5.31,5.38,9.74
2019-02,1.34,3.74,5.2,2.47,5.66,3.04,0.8,3.3,3.55,3.08
2019-03,3.67,-5.0,-0.88,2.02,3.76,0.6,3.39,0.51,3.33,-1.36
2019-04,3.13,3.41,4.04,0.22,5.81,5.98,4.62,-3.16,1.0,6.67
2019-05,-5.62,-12.24,-9.17,-11.88,-8.54,-3.0,-6.05,-3.4,-1.55,-6.12
2019-06,4.91,13.12,8.02,8.83,8.01,5.15,7.17,6.82,3.64,6.59
2019-07,1.6,0.83,0.97,-2.64,3.63,2.05,1.02,-2.16,-1.01,1.77
2019-08,-1.42,-4.68,-1.68,-8.51,-2.59,0.29,0.12,-0.64,3.45,-4.63
2019-09,1.88,3.78,3.84,3.69,1.29,1.26,0.83,-0.98,3.94,1.91
2019-10,0.08,7.02,0.06,-2.08,3.28,2.19,0.67,4.66,-1.39,3.09
2019-11,2.27,2.91,3.26,1.12,5.27,2.47,2.11,5.48,-2.14,5.05
2019-12,3.48,5.4,1.34,6.24,3.84,1.04,1.35,3.45,4.12,2.36
2020-01,-0.43,6.15,-2.74,-11.87,3.37,-2.12,0.97,-1.99,4.83,-1.34
2020-02,-8.76,-7.25,-8.61,-15.43,-6.99,-6.22,-6.72,-5.37,-9.89,-9.87
2020-03,-10.87,-22.67,-16.91,-34.47,-9.77,-13.22,-7.91,-5.09,-13.05,-19.22
2020-04,7.75,25.49,10.86,32.31,14.92,9.21,18.24,13.45,5.18,11.45
2020-05,3.1,7.13,5.82,0.56,7.63,4.81,4.48,4.16,4.63,4.6
2020-06,-0.14,14.13,2.6,-0.39,5.73,-2.62,4.42,-1.44,-5.02,0.5
2020-07,5.87,18.68,4.56,-4.79,6.87,5.06,9.43,4.39,6.34,3.81
2020-08,4.45,40.99,6.17,-1.14,10.62,5.6,8.07,2.35,-2.25,6.79
2020-09,-2.08,-9.04,-0.14,-14.99,-5.24,-1.97,-3.86,-1.43,-0.32,-2.95
2020-10,-2.7,-3.25,-0.76,-4.46,-1.78,-3.89,-2.69,-4.37,4.47,-1.7
2020-11,10.02,33.9,13.96,28.53,10.72,14.47,8.3,9.83,2.66,15.88
2020-12,4.91,15.39,2.52,5.69,5.08,5.12,1.38,4.71,0.62,5.67
2021-01,-4.15,11.48,-2.32,5.05,0.56,-3.55,-0.06,3.42,-0.44,-2.72
2021-02,1.32,-8.08,5.53,23.62,1.36,4.26,-1.65,-1.25,-4.59,9.79
2021-03,7.28,0.87,7.71,2.28,0.87,1.63,5.73,-0.09,10.39,5.26
2021-04,3.32,4.4,2.44,0.75,6.42,3.08,7.03,2.96,3.98,5.7
2021-05,1.97,-5.33,2.77,6.2,-0.89,-0.51,-2.15,-0.12,-1.16,2.77
2021-06,-0.81,5.56,-1.01,5.53,6.77,-0.01,2.93,4.41,-1.42,-2.02
2021-07,0.23,-0.96,1.33,-8.66,3.6,0.36,0.25,2.84,2.97,-0.57
2021-08,-0.28,1.78,0.55,-1.16,4.64,1.37,2.41,2.84,3.23,2.7
2021-09,-4.58,2.8,-5.79,11.08,-6.14,-5.58,-4.38,-6.02,-4.87,-2.45
2021-10,3.74,30.78,4.99,10.27,8.14,-4.24,5.15,2.23,5.11,6.68
2021-11,-3.87,2.05,-0.69,-5.4,1.45,-7.19,1.47,-4.26,-1.97,-5.48
2021-12,8.07,-4.66,5.81,3.05,1.67,3.95,1.52,6.58,8.56,4.94
2022-01,-0.65,-10.31,-5.84,17.42,-8.43,-1.93,-8.83,-8.77,-2.1,-3.26
2022-02,-0.57,-7.07,-1.23,8.36,-4.52,0.29,-1.55,-1.01,-1.09,-1.72
2022-03,0.45,15.03,0.92,9.79,3.28,-2.42,2.98,5.15,9.69,1.09
2022-04,2.26,-16.9,-5.29,-1.28,-12.6,-10.56,-9.78,-6.91,-3.71,-9.13
2022-05,-1.63,-9.04,-0.37,15.57,-2.09,8.66,-4.1,0.96,4.8,0.62
2022-06,-3.89,-11.84,-9.45,-16.55,-8.13,-6.63,-7.73,-2.02,-6.54,-9.96
2022-07,4.13,27.65,8.33,10.46,11.67,-0.03,14.7,2.77,6.3,8.86
2022-08,-1.82,-5.79,-3.49,3.34,-5.37,-2.87,-3.11,-5.04,0.14,-2.51
2022-09,-8.37,-6.55,-11.54,-9.21,-11.49,-13.86,-7.63,-1.92,-11.65,-8.09
2022-10,9.96,-6.62,12.21,23.51,5.06,10.6,4.35,8.78,3.51,11.49
2022-11,5.31,-8.08,9.02,1.04,5.37,2.18,3.79,5.35,6.81,5.9
2022-12,-2.63,-28.07,-2.36,-4.2,-7.95,-6.82,-7.93,-1.72,-1.21,-5.36
2023-01,-0.37,29.04,5.92,2.78,9.58,13.56,9.75,-1.05,-1.24,7.51
2023-02,-2.17,10.98,-1.85,-6.91,-0.2,-6.5,-4.67,-4.29,-5.31,-2.44
2023-03,3.17,-0.64,0.37,-0.42,10.47,-0.1,3.39,2.49,3.9,-5.0
2023-04,3.17,-15.26,-0.59,2.57,0.24,0.99,2.24,4.12,1.72,1.8
2023-05,-5.42,13.55,-5.54,-9.52,8.55,-9.41,0.52,-3.66,-5.84,-2.84
2023-06,2.85,24.66,10.68,6.47,5.91,4.62,7.83,4.66,2.62,7.44
2023-07,2.3,2.76,3.19,7.46,4.22,0.95,2.26,-0.12,2.8,5.38
2023-08,-3.78,-4.35,-2.38,1.96,-1.65,0.16,-0.39,-0.23,-5.3,-3.37
2023-09,-4.6,-2.58,-7.07,3.17,-6.02,-3.2,-5.66,-4.7,-5.05,-3.41
2023-10,-3.69,-17.9,-2.7,-6.18,-1.78,-0.13,0.4,-4.59,1.08,-2.69
2023-11,4.94,15.77,8.69,-1.31,12.06,6.96,7.17,5.8,5.06,10.44
2023-12,3.57,6.59,6.33,0.17,4.62,2.25,5.9,6.91,1.72,6.62
